customer_id,first_name,last_name,email,address,income,preferences,snapshot_date
CUST00001,Mark,,bradfordmax@example.net,"097 gLaSS ruN aPt. 971, WRigHThaVEn, CT 78987",917466,"{""contact_methods"": [""sms"", ""email""], ""preferred_language"": ""CZ"", ""newsletter_opt_in"": true}",2024-01-01
CUST00002,  Keith  ,Hoffman,beardmelinda@example.org,"909 Howell Greens Suite 411, Seanmouth, WV 48014",468621,"{""contact_methods"": [""sms"", ""phone""], ""preferred_language"": ""EN"", ""newsletter_opt_in"": true}",2024-01-01
CUST00003,Charles,JAMeS,hatfieldruth@example.net,"6675 Jason Point Suite 100, West Dustin, MA 53528",143219,"{""contact_methods"": [""email"", ""phone""], ""preferred_language"": ""DE"", ""newsletter_opt_in"": false}",2024-01-01
CUST00004,Amber,Mcdonald,cookdavid@example.net,"310 Lindsey Terrace Apt. 883, Tylerhaven, AR 49392",914170,"{""contact_methods"": [""phone"", ""sms""], ""preferred_language"": ""SK"", ""newsletter_opt_in"": true}",2024-01-01
CUST00005,Karen,Anderson,russellmorgan@example.net,"502 Oscar Island, Port Amber, MP 04918",453400,"{""contact_methods"": [""email"", ""sms""], ""preferred_language"": ""CZ"", ""newsletter_opt_in"": false}",2024-01-01
CUST00006,Julia,Gill,danielmayo@example.net,"  6123 Antonio Light Suite 841, Kellystad, WI 90010  ",604755,"{""contact_methods"": [""phone"", ""email""], ""preferred_language"": ""SK"", ""newsletter_opt_in"": false}",2024-01-01
CUST00007,Jordan,Parker,alexis54@example.com,"64756 French Keys, Stevenport, NE 66422",475662,"{""contact_methods"": [""email"", ""phone""], ""preferred_language"": ""DE"", ""newsletter_opt_in"": false}",2024-01-01
CUST00008,Michelle,Howell,bergerjeffrey@example.com,"  51066 Jones Point, South Christopher, GA 75033  ",976135,"{""contact_methods"": [""phone"", ""sms""], ""preferred_language"": ""EN"", ""newsletter_opt_in"": false}",2024-01-01
CUST00009,KEVIn,Ellison,  marc42@example.org  ,"0996 Michael Corners Apt. 406, South Sharontown, VA 03001",319341,"{""contact_methods"": [""email"", ""sms""], ""preferred_language"": ""DE"", ""newsletter_opt_in"": true}",2024-01-01
CUST00010,MicHAel,Stephens,andrewchurch@example.net,,391329,"{""contact_methods"": [""sms"", ""phone""], ""preferred_language"": ""CZ"", ""newsletter_opt_in"": false}",2024-01-01
CUST00011,Jacob,  Brooks  ,  gomezlauren@example.com  ,"50661 Mayer Skyway Suite 267, Morrowfurt, KY 72947",926032,"{""contact_methods"": [""email"", ""phone""], ""preferred_language"": ""CZ"", ""newsletter_opt_in"": true}",2024-01-01
CUST00012,David,Morgan,lawrencepugh@example.net,"7664 Lee Landing, New Julie, MO 00589",652468,"{""contact_methods"": [""sms"", ""email""], ""preferred_language"": ""CZ"", ""newsletter_opt_in"": true}",2024-01-01
CUST00013,Thomas,Henry,HOOVeRCHrIStOPHER@exaMPlE.orG,"547 John Isle, Danielport, KS 42608",466296,"{""contact_methods"": [""phone"", ""email""], ""preferred_language"": ""CZ"", ""newsletter_opt_in"": true}",2024-01-01
CUST00014,Anna,Cooper,lopezkeith@example.org,"USS Patterson, FPO AP 25362",888599,"{""contact_methods"": [""sms"", ""email""], ""preferred_language"": ""SK"", ""newsletter_opt_in"": true}",2024-01-01
CUST00015,Michael,Chang,mark38@example.net,"68349 Jordan Court, Diazview, OH 19626",288572,"{""contact_methods"": [""sms"", ""phone""], ""preferred_language"": ""DE"", ""newsletter_opt_in"": false}",2024-01-01
CUST00016,Carlos,Jones,vchaney@example.com,"PSC 2241, Box 5698, APO AP 54800",711735,"{""contact_methods"": [""sms"", ""phone""], ""preferred_language"": ""CZ"", ""newsletter_opt_in"": false}",2024-01-01
CUST00017,David,Jones,donaldpatterson@example.com,"  USS Morrison, FPO AE 84478  ",117974,"{""contact_methods"": [""sms"", ""email""], ""preferred_language"": ""CZ"", ""newsletter_opt_in"": true}",2024-01-01
CUST00018,Allison,Hickman,uwolfe@example.org,"75635 Kevin Stream Suite 469, Palmerton, SD 48931",270869,"{""contact_methods"": [""sms"", ""phone""], ""preferred_language"": ""CZ"", ""newsletter_opt_in"": true}",2024-01-01
CUST00019,Kevin,Marshall,johnsullivan@example.net,"017 Jessica Port, New Erica, CO 68179",883680,"{""contact_methods"": [""phone"", ""sms""], ""preferred_language"": ""EN"", ""newsletter_opt_in"": true}",2024-01-01
CUST00020,Rebecca,PitTMaN,ntate@example.com,,60056,"{""contact_methods"": [""email"", ""sms""], ""preferred_language"": ""CZ"", ""newsletter_opt_in"": true}",2024-01-01
CUST00021,Anthony,Stewart,derrick10@example.org,"Unit 7074 Box 0598, DPO AA 34382",415826,"{""contact_methods"": [""phone"", ""email""], ""preferred_language"": ""CZ"", ""newsletter_opt_in"": false}",2024-01-01
CUST00022,jORdAn,  Carlson  ,stanley17@example.net,"29797 Sara Dale, Lake Brittanyfort, LA 55826",720083,"{""contact_methods"": [""phone"", ""sms""], ""preferred_language"": ""SK"", ""newsletter_opt_in"": true}",2024-01-01
CUST00023,Sharon,Hendricks,TMeDiNA@examPle.net,"965 Katie Path, Kevinborough, IL 72597",346600,"{""contact_methods"": [""sms"", ""phone""], ""preferred_language"": ""CZ"", ""newsletter_opt_in"": true}",2024-01-01
CUST00024,Cory,  Ball  ,terrymiller@example.net,"667 Lisa Green, West Steven, MP 25431",331939,"{""contact_methods"": [""phone"", ""email""], ""preferred_language"": ""EN"", ""newsletter_opt_in"": true}",2024-01-01
CUST00025,,Guerra,maryturner@example.org,,206348,"{""contact_methods"": [""email"", ""phone""], ""preferred_language"": ""CZ"", ""newsletter_opt_in"": false}",2024-01-01
CUST00026,John,Rodriguez,jkelly@example.com,"72422 Smith Lights, Amandaberg, DC 61828",536237,"{""contact_methods"": [""sms"", ""email""], ""preferred_language"": ""DE"", ""newsletter_opt_in"": true}",2024-01-01
CUST00027,  Paul  ,Vargas,watsonluis@example.net,"Unit 4099 Box 7259, DPO AP 37973",307999,"{""contact_methods"": [""email"", ""phone""], ""preferred_language"": ""SK"", ""newsletter_opt_in"": true}",2024-01-01
CUST00028,Mr.,Michael Brown,garyroberts@example.com,"0403 quINn ciRclEs, EasT nicOLe, ak 27389",526094,"{""contact_methods"": [""sms"", ""email""], ""preferred_language"": ""EN"", ""newsletter_opt_in"": false}",2024-01-01
CUST00029,Sharon,Barnett,mjohnson@example.org,"PSC 7264, Box 2726, APO AE 52770",502873,"{""contact_methods"": [""email"", ""sms""], ""preferred_language"": ""DE"", ""newsletter_opt_in"": true}",2024-01-01
CUST00030,Justin,Harrell,  ybarnes@example.org  ,"  937 Shannon Ports Suite 600, Penachester, MH 78895  ",492362,"{""contact_methods"": [""sms"", ""email""], ""preferred_language"": ""EN"", ""newsletter_opt_in"": false}",2024-01-01
CUST00031,James,Luna,  mary80@example.org  ,"322 Rodriguez Divide Suite 261, Lake Melissafort, VA 12756",114447,"{""contact_methods"": [""email"", ""phone""], ""preferred_language"": ""EN"", ""newsletter_opt_in"": true}",2024-01-01
CUST00032,Nathan,Fowler,lisa24@example.com,"7999 Hall Vista, Port Darrenmouth, UT 28274",786791,"{""contact_methods"": [""phone"", ""email""], ""preferred_language"": ""EN"", ""newsletter_opt_in"": false}",2024-01-01
CUST00033,Terry,Schroeder,  aknight@example.net  ,"  9234 Lewis Crossroad, Torresmouth, WV 29356  ",755338,"{""contact_methods"": [""phone"", ""sms""], ""preferred_language"": ""SK"", ""newsletter_opt_in"": false}",2024-01-01
CUST00034,Ann,Anderson,daniellematthews@example.com,"Unit 9459 Box 3372, DPO AE 92968",323213,"{""contact_methods"": [""sms"", ""email""], ""preferred_language"": ""CZ"", ""newsletter_opt_in"": true}",2024-01-01
CUST00035,Joseph,Brown,  waltercynthia@example.org  ,"98647 Chris Ways Apt. 177, Houseville, VT 90208",425927,"{""contact_methods"": [""phone"", ""sms""], ""preferred_language"": ""DE"", ""newsletter_opt_in"": true}",2024-01-01
CUST00036,Brandi,Garcia,,"6062 Heather Highway, Rogerchester, WV 18655",925604,"{""contact_methods"": [""email"", ""phone""], ""preferred_language"": ""CZ"", ""newsletter_opt_in"": false}",2024-01-01
CUST00037,Mr.,,crystalcole@example.com,"8725 Alexis Stravenue, Josephbury, HI 71430",276920,"{""contact_methods"": [""email"", ""phone""], ""preferred_language"": ""DE"", ""newsletter_opt_in"": true}",2024-01-01
CUST00038,Patrick,Bishop,megandavidson@example.org,"876 Brooks Isle, Zimmermanstad, MI 03062",143139,"{""contact_methods"": [""phone"", ""sms""], ""preferred_language"": ""SK"", ""newsletter_opt_in"": true}",2024-01-01
CUST00039,Scott,Cox,cathy07@example.com,"999 Larson Gardens, Martinport, MT 68256",250066,"{""contact_methods"": [""email"", ""phone""], ""preferred_language"": ""DE"", ""newsletter_opt_in"": false}",2024-01-01
CUST00040,Ruth,Allen,bradleymichael@example.org,"748 Richard Port Apt. 310, Millermouth, WA 60168",131384,"{""contact_methods"": [""sms"", ""phone""], ""preferred_language"": ""EN"", ""newsletter_opt_in"": false}",2024-01-01
CUST00041,Joshua,Hernandez,zhernandez@example.com,"2902 Lewis Square Apt. 221, Wellsborough, FL 20145",187086,"{""contact_methods"": [""sms"", ""phone""], ""preferred_language"": ""SK"", ""newsletter_opt_in"": false}",2024-01-01
CUST00042,aNgeLA,Burns,ureyes@example.org,"29443 Melissa Junctions Apt. 972, New Terrihaven, IL 76926",153286,"{""contact_methods"": [""phone"", ""email""], ""preferred_language"": ""CZ"", ""newsletter_opt_in"": true}",2024-01-01
CUST00043,Linda,  Ingram  ,micheal40@example.com,"00535 Bailey Turnpike Apt. 358, North Jasmine, GA 68947",351075,"{""contact_methods"": [""phone"", ""email""], ""preferred_language"": ""SK"", ""newsletter_opt_in"": false}",2024-01-01
CUST00044,Dennis,Morris,  oblair@example.org  ,"3882 Holland Spurs, Port Leestad, IN 14005",74221,"{""contact_methods"": [""email"", ""sms""], ""preferred_language"": ""DE"", ""newsletter_opt_in"": false}",2024-01-01
CUST00045,Michael,Atkins,dCoHeN@EXAmPLe.cOM,"847 Herrera Village, Port Georgeland, FM 22558",499408,"{""contact_methods"": [""sms"", ""phone""], ""preferred_language"": ""CZ"", ""newsletter_opt_in"": true}",2024-01-01
CUST00046,Gregory,Valentine,martinezalexa@example.net,"Unit 0471 Box 4957, DPO AE 43507",974806,"{""contact_methods"": [""phone"", ""sms""], ""preferred_language"": ""CZ"", ""newsletter_opt_in"": false}",2024-01-01
CUST00047,Matthew,,rachel57@example.com,"  14429 Morgan Isle, Geraldbury, ID 90485  ",41754,"{""contact_methods"": [""phone"", ""email""], ""preferred_language"": ""CZ"", ""newsletter_opt_in"": false}",2024-01-01
CUST00048,,Moran,,"6838 Carpenter Via, Ryanview, AZ 06566",638210,"{""contact_methods"": [""phone"", ""email""], ""preferred_language"": ""CZ"", ""newsletter_opt_in"": true}",2024-01-01
CUST00049,Bobby,shORT DDS,erinmiller@example.com,"1502 davenPoRt kEy, sOuth tAyLoR, Me 87018",897178,"{""contact_methods"": [""email"", ""phone""], ""preferred_language"": ""EN"", ""newsletter_opt_in"": true}",2024-01-01
CUST00050,Heather,Cain,colecarlos@example.org,"2964 Kristi Dam, Aaronstad, PW 66730",324948,"{""contact_methods"": [""sms"", ""email""], ""preferred_language"": ""CZ"", ""newsletter_opt_in"": false}",2024-01-01
CUST00051,Donald,kEnNEdY,jaredsimon@example.net,"4748 Park Burgs, South Antonioside, RI 23798",470301,"{""contact_methods"": [""phone"", ""email""], ""preferred_language"": ""EN"", ""newsletter_opt_in"": false}",2024-01-01
CUST00052,  Victoria  ,  Hamilton  ,  jbrYant@exAMPlE.oRG  ,"895 CHriStopHEr SquAres, cHriSTinAviLLe, Mo 59289",175473,"{""contact_methods"": [""sms"", ""phone""], ""preferred_language"": ""EN"", ""newsletter_opt_in"": true}",2024-01-01
CUST00053,kElLY,Jones,kellylauren@example.com,"40830 Megan Hill Apt. 913, Johnsontown, VI 47823",878451,"{""contact_methods"": [""phone"", ""email""], ""preferred_language"": ""DE"", ""newsletter_opt_in"": true}",2024-01-01
CUST00054,Mark,,kelleymarcus@example.com,"Unit 5399 Box 5287, DPO AE 57493",836787,"{""contact_methods"": [""email"", ""phone""], ""preferred_language"": ""SK"", ""newsletter_opt_in"": true}",2024-01-01
CUST00055,Stephanie,Simon,davisnicole@example.net,"01516 Cochran Locks, North Anthony, HI 82335",636157,"{""contact_methods"": [""sms"", ""email""], ""preferred_language"": ""CZ"", ""newsletter_opt_in"": true}",2024-01-01
CUST00056,David,GArdner,ijones@example.org,"411 Mueller Pine, West Mirandastad, TX 36337",882402,"{""contact_methods"": [""phone"", ""sms""], ""preferred_language"": ""CZ"", ""newsletter_opt_in"": false}",2024-01-01
CUST00057,LorI,Horne,tbrock@example.com,"1302 West Path, Ronaldfort, SC 18601",583308,"{""contact_methods"": [""email"", ""sms""], ""preferred_language"": ""DE"", ""newsletter_opt_in"": true}",2024-01-01
CUST00058,Dawn,Brooks,david01@example.com,"139 Joshua Keys, Marychester, NV 93532",162006,"{""contact_methods"": [""sms"", ""email""], ""preferred_language"": ""CZ"", ""newsletter_opt_in"": true}",2024-01-01
CUST00059,James,Mcbride,haysjanice@example.org,"211 jeFFrey ViEws SUItE 264, eAst jENNiFeR, cT 01996",372091,"{""contact_methods"": [""sms"", ""phone""], ""preferred_language"": ""EN"", ""newsletter_opt_in"": true}",2024-01-01
CUST00060,Benjamin,Miller,jeffreystephens@example.org,"30872 Hardy Crest, West Amber, MP 08486",183186,"{""contact_methods"": [""phone"", ""email""], ""preferred_language"": ""CZ"", ""newsletter_opt_in"": false}",2024-01-01
CUST00061,ALEXaNdra,Thornton,preynolds@example.com,"  229 Lopez Flats, New Sharon, FL 61779  ",810246,"{""contact_methods"": [""email"", ""phone""], ""preferred_language"": ""SK"", ""newsletter_opt_in"": true}",2024-01-01
CUST00062,Sara,Phillips,brendarojas@example.com,"11001 Ellis Wall, Mooreside, MO 16214",610598,"{""contact_methods"": [""email"", ""phone""], ""preferred_language"": ""SK"", ""newsletter_opt_in"": true}",2024-01-01
CUST00063,Cynthia,Clark,tmccoy@example.com,"8963 Lee Village Apt. 430, New Lisahaven, WA 55660",224510,"{""contact_methods"": [""sms"", ""phone""], ""preferred_language"": ""SK"", ""newsletter_opt_in"": false}",2024-01-01
CUST00064,JeNniFeR,Shah,crystal92@example.com,"7768 Carlson Common, Pattersonbury, WA 87504",929614,"{""contact_methods"": [""sms"", ""email""], ""preferred_language"": ""CZ"", ""newsletter_opt_in"": false}",2024-01-01
CUST00065,Kristina,Norris,  jill55@example.org  ,"16047 Steve Crest, Tylermouth, FL 08871",598617,"{""contact_methods"": [""sms"", ""email""], ""preferred_language"": ""EN"", ""newsletter_opt_in"": false}",2024-01-01
CUST00066,Christopher,JoHNson,andreamartin@example.com,"126 Warren Motorway Apt. 512, Allisonfort, VT 90330",90162,"{""contact_methods"": [""phone"", ""email""], ""preferred_language"": ""DE"", ""newsletter_opt_in"": false}",2024-01-01
CUST00067,Rebecca,Rivera,clintonjuarez@example.org,"25608 Benson Course Suite 123, Fullerside, DC 01975",743957,"{""contact_methods"": [""phone"", ""email""], ""preferred_language"": ""CZ"", ""newsletter_opt_in"": false}",2024-01-01
CUST00068,Sarah,FERNaNDEZ,kelly51@example.com,"96358 Phillips Knolls Apt. 620, New Meredith, OK 62824",689702,"{""contact_methods"": [""phone"", ""email""], ""preferred_language"": ""SK"", ""newsletter_opt_in"": false}",2024-01-01
CUST00069,Briana,Bond,janet47@example.org,"330 Bennett Junction, North Michaelhaven, UT 64204",784790,"{""contact_methods"": [""email"", ""phone""], ""preferred_language"": ""CZ"", ""newsletter_opt_in"": true}",2024-01-01
CUST00070,Gregory,  Lee  ,amberflores@example.net,"3436 Rodriguez Orchard, Ericstad, MI 62187",675333,"{""contact_methods"": [""phone"", ""sms""], ""preferred_language"": ""SK"", ""newsletter_opt_in"": false}",2024-01-01
CUST00071,Donna,Edwards,smithdavid@example.org,"16086 Williams Roads Apt. 019, Jacobfurt, VT 74963",69091,"{""contact_methods"": [""sms"", ""email""], ""preferred_language"": ""SK"", ""newsletter_opt_in"": true}",2024-01-01
CUST00072,chARlEs,Flynn,,"55204 Gray Estate, Debraberg, NH 93108",580333,"{""contact_methods"": [""phone"", ""email""], ""preferred_language"": ""CZ"", ""newsletter_opt_in"": false}",2024-01-01
CUST00073,rIcHArd,Hardy,christophermyers@example.org,"4823 Johnson Stravenue, Port Dannyberg, LA 85285",991960,"{""contact_methods"": [""email"", ""phone""], ""preferred_language"": ""CZ"", ""newsletter_opt_in"": true}",2024-01-01
CUST00074,Anthony,Rojas,wolfesamantha@example.com,"092 Barbara Squares Apt. 416, Michaelberg, NV 33302",27557,"{""contact_methods"": [""sms"", ""phone""], ""preferred_language"": ""CZ"", ""newsletter_opt_in"": false}",2024-01-01
CUST00075,Ryan,Miller,hardinrebekah@example.com,,241176,"{""contact_methods"": [""phone"", ""email""], ""preferred_language"": ""EN"", ""newsletter_opt_in"": false}",2024-01-01
CUST00076,Bryan,Roberts,jamesdenise@example.org,"8473 Shelton Square Suite 447, Mendezfort, OR 93494",38921,"{""contact_methods"": [""email"", ""phone""], ""preferred_language"": ""DE"", ""newsletter_opt_in"": false}",2024-01-01
CUST00077,Ryan,Hamilton,jARedwigGInS@EXaMPlE.Com,"194 Bradford Centers Apt. 146, Lake Lisa, OK 10109",285456,"{""contact_methods"": [""email"", ""sms""], ""preferred_language"": ""DE"", ""newsletter_opt_in"": true}",2024-01-01
CUST00078,Jacqueline,,vduncan@example.com,,565226,"{""contact_methods"": [""phone"", ""email""], ""preferred_language"": ""DE"", ""newsletter_opt_in"": false}",2024-01-01
CUST00079,Rebecca,Lopez,petERSeNTHOmAS@eXAMPLE.net,"USCGC Lewis, FPO AE 77540",525464,"{""contact_methods"": [""sms"", ""email""], ""preferred_language"": ""EN"", ""newsletter_opt_in"": false}",2024-01-01
CUST00080,Brian,Pearson,mcdonaldkelly@example.org,"  881 Flores Coves Apt. 288, South Angela, WY 39443  ",599770,"{""contact_methods"": [""sms"", ""email""], ""preferred_language"": ""SK"", ""newsletter_opt_in"": false}",2024-01-01
CUST00081,Marie,Cohen,jgonzalez@example.com,"8060 Amanda Brook, Johnburgh, NH 09850",435873,"{""contact_methods"": [""sms"", ""email""], ""preferred_language"": ""SK"", ""newsletter_opt_in"": true}",2024-01-01
CUST00082,Micheal,wIlliaMs,reynoldsryan@example.com,"  61744 Miller Underpass, North Laurenborough, AL 70496  ",521968,"{""contact_methods"": [""phone"", ""sms""], ""preferred_language"": ""SK"", ""newsletter_opt_in"": true}",2024-01-01
CUST00083,Edward,Smith MD,xpeterson@example.com,"653 KEITH WELls, THoMpsoNTOWn, MO 52435",981284,"{""contact_methods"": [""sms"", ""email""], ""preferred_language"": ""CZ"", ""newsletter_opt_in"": true}",2024-01-01
CUST00084,,Williams,gwinters@example.org,"272 Newton Court, Weeksview, VA 78604",209638,"{""contact_methods"": [""sms"", ""phone""], ""preferred_language"": ""SK"", ""newsletter_opt_in"": true}",2024-01-01
CUST00085,sHARon,  Davis  ,barbarahanna@example.com,"23066 Clay Mills, Mariahaven, OK 30237",221370,"{""contact_methods"": [""sms"", ""phone""], ""preferred_language"": ""SK"", ""newsletter_opt_in"": false}",2024-01-01
CUST00086,Sean,GREEN,gli@example.org,"75145 BRoWn PIke Apt. 874, lIsAviEw, ny 59307",245077,"{""contact_methods"": [""email"", ""phone""], ""preferred_language"": ""CZ"", ""newsletter_opt_in"": false}",2024-01-01
CUST00087,Pamela,Conner,ecase@example.org,,618508,"{""contact_methods"": [""sms"", ""phone""], ""preferred_language"": ""SK"", ""newsletter_opt_in"": true}",2024-01-01
CUST00088,Steven,Crawford,wolfsonia@example.net,"576 Christopher Centers, North Williamfurt, FL 11971",151508,"{""contact_methods"": [""sms"", ""phone""], ""preferred_language"": ""CZ"", ""newsletter_opt_in"": false}",2024-01-01
CUST00089,Thomas,Mcneil,  darlene09@example.org  ,"0570 Lindsay Burg, Kathrynton, WI 28008",942969,"{""contact_methods"": [""sms"", ""phone""], ""preferred_language"": ""EN"", ""newsletter_opt_in"": true}",2024-01-01
CUST00090,Carlos,Perez,hdelacruz@example.org,"25038 Derek Bypass, South Melissa, CO 21933",823576,"{""contact_methods"": [""email"", ""sms""], ""preferred_language"": ""EN"", ""newsletter_opt_in"": false}",2024-01-01
CUST00091,Daniel,Taylor,vargasconnie@example.com,"9671 Cook Pine, East Franceschester, WI 79502",832607,"{""contact_methods"": [""email"", ""phone""], ""preferred_language"": ""CZ"", ""newsletter_opt_in"": true}",2024-01-01
CUST00092,Kimberly,Williams,sandra90@example.net,"3336 Wood Drive, Williamtown, AK 34664",991570,"{""contact_methods"": [""sms"", ""email""], ""preferred_language"": ""EN"", ""newsletter_opt_in"": false}",2024-01-01
CUST00093,John,  Torres  ,richardjohnson@example.net,"2000 Nelson Plain, East Mark, AK 30158",296056,"{""contact_methods"": [""email"", ""phone""], ""preferred_language"": ""EN"", ""newsletter_opt_in"": false}",2024-01-01
CUST00094,Michael,Ballard,patrickconway@example.net,"2269 Morton Path, New Linda, NM 30805",494693,"{""contact_methods"": [""email"", ""phone""], ""preferred_language"": ""SK"", ""newsletter_opt_in"": false}",2024-01-01
CUST00095,Cassie,Quinn,johnperkins@example.net,"  8592 Mejia Flats Apt. 606, Warrenbury, SC 20113  ",444358,"{""contact_methods"": [""phone"", ""sms""], ""preferred_language"": ""DE"", ""newsletter_opt_in"": true}",2024-01-01
CUST00096,Felicia,hOLMeS,  james19@example.net  ,"Unit 5631 Box 3175, DPO AP 93217",820966,"{""contact_methods"": [""phone"", ""sms""], ""preferred_language"": ""CZ"", ""newsletter_opt_in"": true}",2024-01-01
CUST00097,GiNa,Cowan,stephen92@example.com,"562 Curry Field Apt. 752, Grantberg, NC 75294",235126,"{""contact_methods"": [""email"", ""phone""], ""preferred_language"": ""SK"", ""newsletter_opt_in"": true}",2024-01-01
CUST00098,BRiAN,Reese MD,phIllIpsAMAndA@exaMPle.com,"786 Lara Flats, Salinaston, AZ 50313",253005,"{""contact_methods"": [""email"", ""sms""], ""preferred_language"": ""EN"", ""newsletter_opt_in"": false}",2024-01-01
CUST00099,Matthew,Garner,juliageorge@example.org,"03132 Brandi Fort Suite 916, Dennisside, NH 84027",777976,"{""contact_methods"": [""sms"", ""phone""], ""preferred_language"": ""DE"", ""newsletter_opt_in"": true}",2024-01-01
CUST00100,Savannah,Arnold,smithtony@example.com,"15192 Rice Cape Apt. 106, Stephaniestad, NJ 98042",173718,"{""contact_methods"": [""sms"", ""email""], ""preferred_language"": ""SK"", ""newsletter_opt_in"": false}",2024-01-01
