customer_id,first_name,last_name,email,address,income,preferences,snapshot_date
CUST00001,Mark,goNZaLeZ,,"097 Glass Run Apt. 971, Wrighthaven, CT 78987",917466,"{""contact_methods"": [""sms"", ""email""], ""preferred_language"": ""CZ"", ""newsletter_opt_in"": true}",2024-01-02
CUST00002,Keith,Hoffman,beardmelinda@example.org,"909 howELL greeNS SuitE 411, seaNmoutH, Wv 48014",468621,"{""contact_methods"": [""sms"", ""phone""], ""preferred_language"": ""EN"", ""newsletter_opt_in"": true}",2024-01-02
CUST00003,Charles,,hatfieldruth@example.net,"6675 JAson poINT sUITe 100, WEST DUStIn, MA 53528",143219,"{""contact_methods"": [""email"", ""phone""], ""preferred_language"": ""DE"", ""newsletter_opt_in"": false}",2024-01-02
CUST00004,Amber,Mcdonald,cookdavid@example.net,"310 Lindsey Terrace Apt. 883, Tylerhaven, AR 49392",914170,"{""contact_methods"": [""phone"", ""sms""], ""preferred_language"": ""SK"", ""newsletter_opt_in"": true}",2024-01-02
CUST00005,Karen,Anderson,russellmorgan@example.net,"  502 Oscar Island, Port Amber, MP 04918  ",453400,"{""contact_methods"": [""email"", ""sms""], ""preferred_language"": ""CZ"", ""newsletter_opt_in"": false}",2024-01-02
CUST00006,Julia,Gill,  danielmayo@example.net  ,"6123 Antonio Light Suite 841, Kellystad, WI 90010",604755,"{""contact_methods"": [""phone"", ""email""], ""preferred_language"": ""SK"", ""newsletter_opt_in"": false}",2024-01-02
CUST00007,jOrDAn,Parker,alexis54@example.com,"64756 French Keys, Stevenport, NE 66422",475662,"{""contact_methods"": [""email"", ""phone""], ""preferred_language"": ""DE"", ""newsletter_opt_in"": false}",2024-01-02
CUST00008,Michelle,  Howell  ,bergerjeffrey@example.com,"51066 Jones Point, South Christopher, GA 75033",976135,"{""contact_methods"": [""phone"", ""sms""], ""preferred_language"": ""EN"", ""newsletter_opt_in"": false}",2024-01-02
CUST00009,Kevin,elLISOn,  marc42@example.org  ,"0996 Michael Corners Apt. 406, South Sharontown, VA 03001",319341,"{""contact_methods"": [""email"", ""sms""], ""preferred_language"": ""DE"", ""newsletter_opt_in"": true}",2024-01-02
CUST00010,Michael,Stephens,,"220 Turner Tunnel, Michaelfort, MH 18553",391329,"{""contact_methods"": [""sms"", ""phone""], ""preferred_language"": ""CZ"", ""newsletter_opt_in"": false}",2024-01-02
CUST00011,Jacob,BROOKS,gomezlauren@example.com,"50661 Mayer Skyway Suite 267, Morrowfurt, KY 72947",926032,"{""contact_methods"": [""email"", ""phone""], ""preferred_language"": ""CZ"", ""newsletter_opt_in"": true}",2024-01-02
CUST00012,David,Morgan,lawrencepugh@example.net,"7664 Lee Landing, New Julie, MO 00589",652468,"{""contact_methods"": [""sms"", ""email""], ""preferred_language"": ""CZ"", ""newsletter_opt_in"": true}",2024-01-02
CUST00013,tHoMaS,Henry,hooverchristopher@example.org,"547 John Isle, Danielport, KS 42608",466296,"{""contact_methods"": [""phone"", ""email""], ""preferred_language"": ""CZ"", ""newsletter_opt_in"": true}",2024-01-02
CUST00014,,Cooper,lopezkeith@example.org,"USS Patterson, FPO AP 25362",888599,"{""contact_methods"": [""sms"", ""email""], ""preferred_language"": ""SK"", ""newsletter_opt_in"": true}",2024-01-02
CUST00015,Michael,Chang,  mark38@example.net  ,"68349 Jordan Court, Diazview, OH 19626",288572,"{""contact_methods"": [""sms"", ""phone""], ""preferred_language"": ""DE"", ""newsletter_opt_in"": false}",2024-01-02
CUST00016,Carlos,Jones,vchaney@example.com,"PSC 2241, Box 5698, APO AP 54800",711735,"{""contact_methods"": [""sms"", ""phone""], ""preferred_language"": ""CZ"", ""newsletter_opt_in"": false}",2024-01-02
CUST00017,David,Jones,donaldpatterson@example.com,"usS MoRrISoN, fPo Ae 84478",117974,"{""contact_methods"": [""sms"", ""email""], ""preferred_language"": ""CZ"", ""newsletter_opt_in"": true}",2024-01-02
CUST00018,Allison,Hickman,uwolfe@example.org,"  75635 Kevin Stream Suite 469, Palmerton, SD 48931  ",270869,"{""contact_methods"": [""sms"", ""phone""], ""preferred_language"": ""CZ"", ""newsletter_opt_in"": true}",2024-01-02
CUST00019,Kevin,Marshall,  johnsullivan@example.net  ,"017 JesSICA port, nEW eRICa, co 68179",883680,"{""contact_methods"": [""phone"", ""sms""], ""preferred_language"": ""EN"", ""newsletter_opt_in"": true}",2024-01-02
CUST00020,Rebecca,Pittman,ntate@example.com,"12890 Moody Corner Apt. 038, Dustinview, OH 95373",60056,"{""contact_methods"": [""email"", ""sms""], ""preferred_language"": ""CZ"", ""newsletter_opt_in"": true}",2024-01-02
CUST00021,Anthony,Stewart,derrick10@example.org,"Unit 7074 Box 0598, DPO AA 34382",415826,"{""contact_methods"": [""phone"", ""email""], ""preferred_language"": ""CZ"", ""newsletter_opt_in"": false}",2024-01-02
CUST00022,Jordan,Carlson,stanley17@example.net,"29797 Sara Dale, Lake Brittanyfort, LA 55826",720083,"{""contact_methods"": [""phone"", ""sms""], ""preferred_language"": ""SK"", ""newsletter_opt_in"": true}",2024-01-02
CUST00023,shARoN,Hendricks,tmedina@example.net,"965 Katie Path, Kevinborough, IL 72597",346600,"{""contact_methods"": [""sms"", ""phone""], ""preferred_language"": ""CZ"", ""newsletter_opt_in"": true}",2024-01-02
CUST00024,Cory,Ball,,"667 Lisa Green, West Steven, MP 25431",331939,"{""contact_methods"": [""phone"", ""email""], ""preferred_language"": ""EN"", ""newsletter_opt_in"": true}",2024-01-02
CUST00025,Rachel,  Guerra  ,  mArytURnEr@EXAMPLe.Org  ,"34533 Sanford Heights Apt. 824, Port Ricardo, AR 94202",206348,"{""contact_methods"": [""email"", ""phone""], ""preferred_language"": ""CZ"", ""newsletter_opt_in"": false}",2024-01-02
CUST00026,  John  ,Rodriguez,jkelly@example.com,"72422 Smith Lights, Amandaberg, DC 61828",536237,"{""contact_methods"": [""sms"", ""email""], ""preferred_language"": ""DE"", ""newsletter_opt_in"": true}",2024-01-02
CUST00027,Paul,Vargas,watsonluis@example.net,"Unit 4099 Box 7259, DPO AP 37973",307999,"{""contact_methods"": [""email"", ""phone""], ""preferred_language"": ""SK"", ""newsletter_opt_in"": true}",2024-01-02
CUST00028,Mr.,Michael Brown,garYROBErTs@EXamplE.COM,"0403 Quinn Circles, East Nicole, AK 27389",526094,"{""contact_methods"": [""sms"", ""email""], ""preferred_language"": ""EN"", ""newsletter_opt_in"": false}",2024-01-02
CUST00029,Sharon,Barnett,mjohnson@example.org,"PSC 7264, Box 2726, APO AE 52770",502873,"{""contact_methods"": [""email"", ""sms""], ""preferred_language"": ""DE"", ""newsletter_opt_in"": true}",2024-01-02
CUST00030,  Justin  ,Harrell,ybarnes@example.org,"937 Shannon Ports Suite 600, Penachester, MH 78895",492362,"{""contact_methods"": [""sms"", ""email""], ""preferred_language"": ""EN"", ""newsletter_opt_in"": false}",2024-01-02
CUST00031,James,Luna,MARy80@ExaMplE.Org,"322 Rodriguez Divide Suite 261, Lake Melissafort, VA 12756",114447,"{""contact_methods"": [""email"", ""phone""], ""preferred_language"": ""EN"", ""newsletter_opt_in"": true}",2024-01-02
CUST00032,Nathan,Fowler,lisa24@example.com,"7999 Hall Vista, Port Darrenmouth, UT 28274",786791,"{""contact_methods"": [""phone"", ""email""], ""preferred_language"": ""EN"", ""newsletter_opt_in"": false}",2024-01-02
CUST00033,Terry,Schroeder,aknight@example.net,"9234 Lewis Crossroad, Torresmouth, WV 29356",755338,"{""contact_methods"": [""phone"", ""sms""], ""preferred_language"": ""SK"", ""newsletter_opt_in"": false}",2024-01-02
CUST00034,Ann,Anderson,daniellematthews@example.com,"Unit 9459 Box 3372, DPO AE 92968",323213,"{""contact_methods"": [""sms"", ""email""], ""preferred_language"": ""CZ"", ""newsletter_opt_in"": true}",2024-01-02
CUST00035,Joseph,Brown,waltercynthia@example.org,"98647 chriS WayS apt. 177, HousEvilLE, vT 90208",425927,"{""contact_methods"": [""phone"", ""sms""], ""preferred_language"": ""DE"", ""newsletter_opt_in"": true}",2024-01-02
CUST00036,Brandi,Garcia,nharvey@example.org,"6062 Heather Highway, Rogerchester, WV 18655",925604,"{""contact_methods"": [""email"", ""phone""], ""preferred_language"": ""CZ"", ""newsletter_opt_in"": false}",2024-01-02
CUST00037,Mr.,,crystalcole@example.com,"8725 Alexis Stravenue, Josephbury, HI 71430",276920,"{""contact_methods"": [""email"", ""phone""], ""preferred_language"": ""DE"", ""newsletter_opt_in"": true}",2024-01-02
CUST00038,Patrick,Bishop,megandavidson@example.org,"876 Brooks Isle, Zimmermanstad, MI 03062",143139,"{""contact_methods"": [""phone"", ""sms""], ""preferred_language"": ""SK"", ""newsletter_opt_in"": true}",2024-01-02
CUST00039,Scott,Cox,cathy07@example.com,"999 Larson Gardens, Martinport, MT 68256",250066,"{""contact_methods"": [""email"", ""phone""], ""preferred_language"": ""DE"", ""newsletter_opt_in"": false}",2024-01-02
CUST00040,Ruth,Allen,bradleymichael@example.org,"748 Richard Port Apt. 310, Millermouth, WA 60168",131384,"{""contact_methods"": [""sms"", ""phone""], ""preferred_language"": ""EN"", ""newsletter_opt_in"": false}",2024-01-02
CUST00041,Joshua,Hernandez,zhernandez@example.com,"  2902 Lewis Square Apt. 221, Wellsborough, FL 20145  ",187086,"{""contact_methods"": [""sms"", ""phone""], ""preferred_language"": ""SK"", ""newsletter_opt_in"": false}",2024-01-02
CUST00042,Angela,Burns,uREyES@examplE.ORG,,153286,"{""contact_methods"": [""phone"", ""email""], ""preferred_language"": ""CZ"", ""newsletter_opt_in"": true}",2024-01-02
CUST00043,Linda,Ingram,micheal40@example.com,,351075,"{""contact_methods"": [""phone"", ""email""], ""preferred_language"": ""SK"", ""newsletter_opt_in"": false}",2024-01-02
CUST00044,Dennis,,oblair@example.org,"3882 Holland Spurs, Port Leestad, IN 14005",74221,"{""contact_methods"": [""email"", ""sms""], ""preferred_language"": ""DE"", ""newsletter_opt_in"": false}",2024-01-02
CUST00045,Michael,Atkins,  dcohen@example.com  ,"847 Herrera Village, Port Georgeland, FM 22558",499408,"{""contact_methods"": [""sms"", ""phone""], ""preferred_language"": ""CZ"", ""newsletter_opt_in"": true}",2024-01-02
CUST00046,Gregory,Valentine,martinezalexa@example.net,"Unit 0471 Box 4957, DPO AE 43507",974806,"{""contact_methods"": [""phone"", ""sms""], ""preferred_language"": ""CZ"", ""newsletter_opt_in"": false}",2024-01-02
CUST00047,mattheW,Barnes,rachel57@example.com,"14429 Morgan Isle, Geraldbury, ID 90485",41754,"{""contact_methods"": [""phone"", ""email""], ""preferred_language"": ""CZ"", ""newsletter_opt_in"": false}",2024-01-02
CUST00048,,  Moran  ,cochoa@example.com,"6838 Carpenter Via, Ryanview, AZ 06566",638210,"{""contact_methods"": [""phone"", ""email""], ""preferred_language"": ""CZ"", ""newsletter_opt_in"": true}",2024-01-02
CUST00049,  Bobby  ,  Short DDS  ,erinmiller@example.com,"1502 Davenport Key, South Taylor, ME 87018",897178,"{""contact_methods"": [""email"", ""phone""], ""preferred_language"": ""EN"", ""newsletter_opt_in"": true}",2024-01-02
CUST00050,Heather,Cain,COlECaRloS@EXampLe.oRG,"2964 Kristi Dam, Aaronstad, PW 66730",324948,"{""contact_methods"": [""sms"", ""email""], ""preferred_language"": ""CZ"", ""newsletter_opt_in"": false}",2024-01-02
CUST00051,Donald,Kennedy,  jaredsimon@example.net  ,,470301,"{""contact_methods"": [""phone"", ""email""], ""preferred_language"": ""EN"", ""newsletter_opt_in"": false}",2024-01-02
CUST00052,Victoria,Hamilton,jbryant@example.org,"895 ChrIsTophER SQUaReS, cHrIstINaVIlLe, Mo 59289",175473,"{""contact_methods"": [""sms"", ""phone""], ""preferred_language"": ""EN"", ""newsletter_opt_in"": true}",2024-01-02
CUST00053,Kelly,  Jones  ,kellylauren@example.com,,878451,"{""contact_methods"": [""phone"", ""email""], ""preferred_language"": ""DE"", ""newsletter_opt_in"": true}",2024-01-02
CUST00054,Mark,SHaW,kelleymarcus@example.com,"Unit 5399 Box 5287, DPO AE 57493",836787,"{""contact_methods"": [""email"", ""phone""], ""preferred_language"": ""SK"", ""newsletter_opt_in"": true}",2024-01-02
CUST00055,stephANIe,Simon,  davisnicole@example.net  ,"  01516 Cochran Locks, North Anthony, HI 82335  ",636157,"{""contact_methods"": [""sms"", ""email""], ""preferred_language"": ""CZ"", ""newsletter_opt_in"": true}",2024-01-02
CUST00056,David,Gardner,Ijones@eXaMPle.oRG,"411 MuElLeR PiNe, WEST mIrAnDASTad, TX 36337",882402,"{""contact_methods"": [""phone"", ""sms""], ""preferred_language"": ""CZ"", ""newsletter_opt_in"": false}",2024-01-02
CUST00057,Lori,Horne,tbrock@example.com,"1302 West Path, Ronaldfort, SC 18601",583308,"{""contact_methods"": [""email"", ""sms""], ""preferred_language"": ""DE"", ""newsletter_opt_in"": true}",2024-01-02
CUST00058,Dawn,Brooks,david01@example.com,"139 Joshua Keys, Marychester, NV 93532",162006,"{""contact_methods"": [""sms"", ""email""], ""preferred_language"": ""CZ"", ""newsletter_opt_in"": true}",2024-01-02
CUST00059,James,Mcbride,haysjanice@example.org,"  211 Jeffrey Views Suite 264, East Jennifer, CT 01996  ",372091,"{""contact_methods"": [""sms"", ""phone""], ""preferred_language"": ""EN"", ""newsletter_opt_in"": true}",2024-01-02
CUST00060,Benjamin,Miller,jeffreystephens@example.org,"30872 Hardy Crest, West Amber, MP 08486",183186,"{""contact_methods"": [""phone"", ""email""], ""preferred_language"": ""CZ"", ""newsletter_opt_in"": false}",2024-01-02
CUST00061,Alexandra,Thornton,preynolds@example.com,"  229 Lopez Flats, New Sharon, FL 61779  ",810246,"{""contact_methods"": [""email"", ""phone""], ""preferred_language"": ""SK"", ""newsletter_opt_in"": true}",2024-01-02
CUST00062,Sara,Phillips,brendarojas@example.com,"11001 Ellis Wall, Mooreside, MO 16214",610598,"{""contact_methods"": [""email"", ""phone""], ""preferred_language"": ""SK"", ""newsletter_opt_in"": true}",2024-01-02
CUST00063,Cynthia,Clark,tmccoy@example.com,"8963 Lee Village Apt. 430, New Lisahaven, WA 55660",224510,"{""contact_methods"": [""sms"", ""phone""], ""preferred_language"": ""SK"", ""newsletter_opt_in"": false}",2024-01-02
CUST00064,Jennifer,Shah,crystal92@example.com,"7768 Carlson Common, Pattersonbury, WA 87504",929614,"{""contact_methods"": [""sms"", ""email""], ""preferred_language"": ""CZ"", ""newsletter_opt_in"": false}",2024-01-02
CUST00065,  Kristina  ,noRriS,jill55@example.org,,598617,"{""contact_methods"": [""sms"", ""email""], ""preferred_language"": ""EN"", ""newsletter_opt_in"": false}",2024-01-02
CUST00066,ChRiSTOphEr,JoHnsoN,andreamartin@example.com,"126 Warren Motorway Apt. 512, Allisonfort, VT 90330",90162,"{""contact_methods"": [""phone"", ""email""], ""preferred_language"": ""DE"", ""newsletter_opt_in"": false}",2024-01-02
CUST00067,Rebecca,Rivera,clintonjuarez@example.org,"25608 Benson Course Suite 123, Fullerside, DC 01975",743957,"{""contact_methods"": [""phone"", ""email""], ""preferred_language"": ""CZ"", ""newsletter_opt_in"": false}",2024-01-02
CUST00068,Sarah,Fernandez,kelly51@example.com,"96358 Phillips Knolls Apt. 620, New Meredith, OK 62824",689702,"{""contact_methods"": [""phone"", ""email""], ""preferred_language"": ""SK"", ""newsletter_opt_in"": false}",2024-01-02
CUST00069,bRiaNa,Bond,janet47@example.org,"330 Bennett Junction, North Michaelhaven, UT 64204",784790,"{""contact_methods"": [""email"", ""phone""], ""preferred_language"": ""CZ"", ""newsletter_opt_in"": true}",2024-01-02
CUST00070,gReGOrY,Lee,amberflores@example.net,"3436 Rodriguez Orchard, Ericstad, MI 62187",675333,"{""contact_methods"": [""phone"", ""sms""], ""preferred_language"": ""SK"", ""newsletter_opt_in"": false}",2024-01-02
CUST00071,Donna,Edwards,smithdavid@example.org,"16086 Williams Roads Apt. 019, Jacobfurt, VT 74963",69091,"{""contact_methods"": [""sms"", ""email""], ""preferred_language"": ""SK"", ""newsletter_opt_in"": true}",2024-01-02
CUST00072,Charles,Flynn,  halecatherine@example.net  ,"55204 Gray Estate, Debraberg, NH 93108",580333,"{""contact_methods"": [""phone"", ""email""], ""preferred_language"": ""CZ"", ""newsletter_opt_in"": false}",2024-01-02
CUST00073,Richard,Hardy,christophermyers@example.org,"4823 JoHnsoN StrAVEnUE, poRt danNYBerg, La 85285",991960,"{""contact_methods"": [""email"", ""phone""], ""preferred_language"": ""CZ"", ""newsletter_opt_in"": true}",2024-01-02
CUST00074,Anthony,Rojas,wolfesamantha@example.com,"092 Barbara Squares Apt. 416, Michaelberg, NV 33302",27557,"{""contact_methods"": [""sms"", ""phone""], ""preferred_language"": ""CZ"", ""newsletter_opt_in"": false}",2024-01-02
CUST00075,Ryan,Miller,hardinrebekah@example.com,"01649 sHELLeY rue APT. 214, emIlYPorT, il 92639",241176,"{""contact_methods"": [""phone"", ""email""], ""preferred_language"": ""EN"", ""newsletter_opt_in"": false}",2024-01-02
CUST00076,Bryan,Roberts,  jamesdenise@example.org  ,"8473 Shelton Square Suite 447, Mendezfort, OR 93494",38921,"{""contact_methods"": [""email"", ""phone""], ""preferred_language"": ""DE"", ""newsletter_opt_in"": false}",2024-01-02
CUST00077,Ryan,haMIlTON,jaredwiggins@example.com,"194 Bradford Centers Apt. 146, Lake Lisa, OK 10109",285456,"{""contact_methods"": [""email"", ""sms""], ""preferred_language"": ""DE"", ""newsletter_opt_in"": true}",2024-01-02
CUST00078,Jacqueline,Collins,vduncan@example.com,"  665 Harrison Harbor Suite 717, Brendanchester, TX 55655  ",565226,"{""contact_methods"": [""phone"", ""email""], ""preferred_language"": ""DE"", ""newsletter_opt_in"": false}",2024-01-02
CUST00079,Rebecca,Lopez,petersenthomas@example.net,"USCGC Lewis, FPO AE 77540",525464,"{""contact_methods"": [""sms"", ""email""], ""preferred_language"": ""EN"", ""newsletter_opt_in"": false}",2024-01-02
CUST00080,Brian,Pearson,mcdonaldkelly@example.org,"881 Flores Coves Apt. 288, South Angela, WY 39443",599770,"{""contact_methods"": [""sms"", ""email""], ""preferred_language"": ""SK"", ""newsletter_opt_in"": false}",2024-01-02
CUST00081,Marie,Cohen,jgonzalez@example.com,"8060 Amanda Brook, Johnburgh, NH 09850",435873,"{""contact_methods"": [""sms"", ""email""], ""preferred_language"": ""SK"", ""newsletter_opt_in"": true}",2024-01-02
CUST00082,  Micheal  ,WIlLIAmS,reynoldsryan@example.com,"  61744 Miller Underpass, North Laurenborough, AL 70496  ",521968,"{""contact_methods"": [""phone"", ""sms""], ""preferred_language"": ""SK"", ""newsletter_opt_in"": true}",2024-01-02
CUST00083,Edward,,xpeterson@example.com,"653 kEitH WElls, thoMPSoNToWn, mo 52435",981284,"{""contact_methods"": [""sms"", ""email""], ""preferred_language"": ""CZ"", ""newsletter_opt_in"": true}",2024-01-02
CUST00084,Rebecca,,gwinters@example.org,"272 Newton Court, Weeksview, VA 78604",209638,"{""contact_methods"": [""sms"", ""phone""], ""preferred_language"": ""SK"", ""newsletter_opt_in"": true}",2024-01-02
CUST00085,Sharon,dAvIS,barbarahanna@example.com,"23066 ClaY mILlS, MarIahaVeN, oK 30237",221370,"{""contact_methods"": [""sms"", ""phone""], ""preferred_language"": ""SK"", ""newsletter_opt_in"": false}",2024-01-02
CUST00086,Sean,Green,gli@example.org,"75145 Brown Pike Apt. 874, Lisaview, NY 59307",245077,"{""contact_methods"": [""email"", ""phone""], ""preferred_language"": ""CZ"", ""newsletter_opt_in"": false}",2024-01-02
CUST00087,Pamela,CONNER,  ecase@example.org  ,,618508,"{""contact_methods"": [""sms"", ""phone""], ""preferred_language"": ""SK"", ""newsletter_opt_in"": true}",2024-01-02
CUST00088,Steven,Crawford,wolfsonia@example.net,"576 Christopher Centers, North Williamfurt, FL 11971",151508,"{""contact_methods"": [""sms"", ""phone""], ""preferred_language"": ""CZ"", ""newsletter_opt_in"": false}",2024-01-02
CUST00089,Thomas,mCNEIL,darlene09@example.org,"0570 Lindsay Burg, Kathrynton, WI 28008",942969,"{""contact_methods"": [""sms"", ""phone""], ""preferred_language"": ""EN"", ""newsletter_opt_in"": true}",2024-01-02
CUST00090,Carlos,,hdelacruz@example.org,"25038 Derek Bypass, South Melissa, CO 21933",823576,"{""contact_methods"": [""email"", ""sms""], ""preferred_language"": ""EN"", ""newsletter_opt_in"": false}",2024-01-02
CUST00091,  Daniel  ,tAYlOR,vargasconnie@example.com,"9671 Cook Pine, East Franceschester, WI 79502",832607,"{""contact_methods"": [""email"", ""phone""], ""preferred_language"": ""CZ"", ""newsletter_opt_in"": true}",2024-01-02
CUST00092,Kimberly,Williams,sandra90@example.net,"3336 Wood Drive, Williamtown, AK 34664",991570,"{""contact_methods"": [""sms"", ""email""], ""preferred_language"": ""EN"", ""newsletter_opt_in"": false}",2024-01-02
CUST00093,John,Torres,  richardjohnson@example.net  ,"2000 Nelson Plain, East Mark, AK 30158",296056,"{""contact_methods"": [""email"", ""phone""], ""preferred_language"": ""EN"", ""newsletter_opt_in"": false}",2024-01-02
CUST00094,Michael,Ballard,PAtriCkCONwAy@examPlE.neT,"2269 Morton Path, New Linda, NM 30805",494693,"{""contact_methods"": [""email"", ""phone""], ""preferred_language"": ""SK"", ""newsletter_opt_in"": false}",2024-01-02
CUST00095,Cassie,Quinn,JohNPERKins@exAmPle.NET,"8592 Mejia Flats Apt. 606, Warrenbury, SC 20113",444358,"{""contact_methods"": [""phone"", ""sms""], ""preferred_language"": ""DE"", ""newsletter_opt_in"": true}",2024-01-02
CUST00096,Felicia,  Holmes  ,  james19@example.net  ,"Unit 5631 Box 3175, DPO AP 93217",820966,"{""contact_methods"": [""phone"", ""sms""], ""preferred_language"": ""CZ"", ""newsletter_opt_in"": true}",2024-01-02
CUST00097,Gina,Cowan,stEphEN92@eXaMPle.COm,"562 Curry Field Apt. 752, Grantberg, NC 75294",235126,"{""contact_methods"": [""email"", ""phone""], ""preferred_language"": ""SK"", ""newsletter_opt_in"": true}",2024-01-02
CUST00098,Brian,Reese MD,,"786 Lara Flats, Salinaston, AZ 50313",253005,"{""contact_methods"": [""email"", ""sms""], ""preferred_language"": ""EN"", ""newsletter_opt_in"": false}",2024-01-02
CUST00099,MaTtheW,Garner,juliageorge@example.org,"03132 Brandi Fort Suite 916, Dennisside, NH 84027",777976,"{""contact_methods"": [""sms"", ""phone""], ""preferred_language"": ""DE"", ""newsletter_opt_in"": true}",2024-01-02
CUST00100,Savannah,,smithtony@example.com,"15192 Rice Cape Apt. 106, Stephaniestad, NJ 98042",173718,"{""contact_methods"": [""sms"", ""email""], ""preferred_language"": ""SK"", ""newsletter_opt_in"": false}",2024-01-02
CUST00101,TrAcY,BOyLE,nsimmons@example.org,"5089 Anthony Walks, West Andrew, NH 22467",979230,"{""contact_methods"": [""email"", ""phone""], ""preferred_language"": ""CZ"", ""newsletter_opt_in"": false}",2024-01-02
CUST00102,Julia,Smith,rICharDSonaiMEE@eXAmPlE.CoM,"549 Richard Locks Suite 209, Lake Samantha, CO 28428",282604,"{""contact_methods"": [""phone"", ""sms""], ""preferred_language"": ""CZ"", ""newsletter_opt_in"": false}",2024-01-02
CUST00103,Derrick,Lopez,juliesmith@example.net,"96501 Patton Ville, North Holly, LA 37417",369939,"{""contact_methods"": [""email"", ""sms""], ""preferred_language"": ""EN"", ""newsletter_opt_in"": true}",2024-01-02
CUST00104,Casey,Rosario PhD,jasondelgado@example.net,"07698 Jeffrey Ramp, Jonathanshire, WY 04581",988886,"{""contact_methods"": [""phone"", ""sms""], ""preferred_language"": ""CZ"", ""newsletter_opt_in"": true}",2024-01-02
CUST00105,LorraiNe,Stone,  jacksonjodi@example.net  ,"5300 Joseph Islands Suite 852, New Jennifer, IA 61633",348629,"{""contact_methods"": [""sms"", ""phone""], ""preferred_language"": ""SK"", ""newsletter_opt_in"": false}",2024-01-02
