customer_id,first_name,last_name,email,address,income,preferences,snapshot_date
CUST00001,Mark,Gonzalez,bradfordmax@example.net,"097 Glass Run Apt. 971, Wrighthaven, CT 78987",917466,"{""contact_methods"": [""sms"", ""email""], ""preferred_language"": ""CZ"", ""newsletter_opt_in"": true}",2024-01-03
CUST00002,Keith,Hoffman,beardmelinda@example.org,"909 Howell Greens Suite 411, Seanmouth, WV 48014",468621,"{""contact_methods"": [""sms"", ""phone""], ""preferred_language"": ""EN"", ""newsletter_opt_in"": true}",2024-01-03
CUST00003,Charles,James,hAtFiElDRuth@eXamPLe.net,"6675 Jason Point Suite 100, West Dustin, MA 53528",143219,"{""contact_methods"": [""email"", ""phone""], ""preferred_language"": ""DE"", ""newsletter_opt_in"": false}",2024-01-03
CUST00004,Amber,  Mcdonald  ,  cookdavid@example.net  ,"310 Lindsey Terrace Apt. 883, Tylerhaven, AR 49392",914170,"{""contact_methods"": [""phone"", ""sms""], ""preferred_language"": ""SK"", ""newsletter_opt_in"": true}",2024-01-03
CUST00005,Karen,Anderson,russellmorgan@example.net,"502 Oscar Island, Port Amber, MP 04918",453400,"{""contact_methods"": [""email"", ""sms""], ""preferred_language"": ""CZ"", ""newsletter_opt_in"": false}",2024-01-03
CUST00006,Julia,Gill,DANIeLmayO@eXaMPLE.NeT,"6123 AntONiO LighT sUIte 841, KelLYStAd, WI 90010",604755,"{""contact_methods"": [""phone"", ""email""], ""preferred_language"": ""SK"", ""newsletter_opt_in"": false}",2024-01-03
CUST00007,Jordan,  Parker  ,alexis54@example.com,"  64756 French Keys, Stevenport, NE 66422  ",160000,"{""contact_methods"": [""email"", ""phone""], ""preferred_language"": ""DE"", ""newsletter_opt_in"": false}",2024-01-03
CUST00008,Michelle,Howell,bergerjeffrey@example.com,"51066 Jones Point, South Christopher, GA 75033",590981,"{""contact_methods"": [""phone"", ""sms""], ""preferred_language"": ""EN"", ""newsletter_opt_in"": false}",2024-01-03
CUST00009,Kevin,eLLison,marc42@example.org,"0996 Michael Corners Apt. 406, South Sharontown, VA 03001",833418,"{""contact_methods"": [""email"", ""sms""], ""preferred_language"": ""DE"", ""newsletter_opt_in"": false}",2024-01-03
CUST00010,Michael,sTePhens,andrewchurch@example.net,"220 Turner Tunnel, Michaelfort, MH 18553",694162,"{""contact_methods"": [""sms"", ""phone""], ""preferred_language"": ""CZ"", ""newsletter_opt_in"": true}",2024-01-03
CUST00011,Jacob,  Brooks  ,gomezlauren@example.com,"50661 Mayer Skyway Suite 267, Morrowfurt, KY 72947",926032,"{""contact_methods"": [""email"", ""phone""], ""preferred_language"": ""CZ"", ""newsletter_opt_in"": true}",2024-01-03
CUST00012,DaVId,Morgan,lawrencepugh@example.net,"7664 Lee Landing, New Julie, MO 00589",652468,"{""contact_methods"": [""sms"", ""email""], ""preferred_language"": ""CZ"", ""newsletter_opt_in"": true}",2024-01-03
CUST00013,Thomas,Henry,  hooverchristopher@example.org  ,"547 John Isle, Danielport, KS 42608",466296,"{""contact_methods"": [""phone"", ""email""], ""preferred_language"": ""CZ"", ""newsletter_opt_in"": true}",2024-01-03
CUST00014,Anna,Cooper,  lopezkeith@example.org  ,"USS Patterson, FPO AP 25362",888599,"{""contact_methods"": [""sms"", ""email""], ""preferred_language"": ""SK"", ""newsletter_opt_in"": true}",2024-01-03
CUST00015,Michael,Chang,mark38@example.net,"68349 Jordan Court, Diazview, OH 19626",288572,"{""contact_methods"": [""sms"", ""phone""], ""preferred_language"": ""DE"", ""newsletter_opt_in"": false}",2024-01-03
CUST00016,Carlos,Jones,vchaney@example.com,"PSC 2241, Box 5698, APO AP 54800",711735,"{""contact_methods"": [""sms"", ""phone""], ""preferred_language"": ""CZ"", ""newsletter_opt_in"": false}",2024-01-03
CUST00017,David,Jones,donaldpatterson@example.com,,243220,"{""contact_methods"": [""sms"", ""email""], ""preferred_language"": ""CZ"", ""newsletter_opt_in"": false}",2024-01-03
CUST00018,Allison,hIcKMAN,uwolfe@example.org,"75635 Kevin Stream Suite 469, Palmerton, SD 48931",270869,"{""contact_methods"": [""sms"", ""phone""], ""preferred_language"": ""CZ"", ""newsletter_opt_in"": true}",2024-01-03
CUST00019,Kevin,Marshall,johnsullivan@example.net,,883680,"{""contact_methods"": [""phone"", ""sms""], ""preferred_language"": ""EN"", ""newsletter_opt_in"": true}",2024-01-03
CUST00020,Rebecca,Pittman,ntate@example.com,"12890 Moody Corner Apt. 038, Dustinview, OH 95373",60056,"{""contact_methods"": [""email"", ""sms""], ""preferred_language"": ""CZ"", ""newsletter_opt_in"": true}",2024-01-03
CUST00021,Anthony,Stewart,derrick10@example.org,"Unit 7074 Box 0598, DPO AA 34382",415826,"{""contact_methods"": [""phone"", ""email""], ""preferred_language"": ""CZ"", ""newsletter_opt_in"": false}",2024-01-03
CUST00022,Jordan,Carlson,stanley17@example.net,"29797 Sara Dale, Lake Brittanyfort, LA 55826",811352,"{""contact_methods"": [""phone"", ""sms""], ""preferred_language"": ""SK"", ""newsletter_opt_in"": false}",2024-01-03
CUST00023,Sharon,Hendricks,tmedina@example.net,"965 Katie Path, Kevinborough, IL 72597",346600,"{""contact_methods"": [""sms"", ""phone""], ""preferred_language"": ""CZ"", ""newsletter_opt_in"": true}",2024-01-03
CUST00024,Cory,bAlL,terrymiller@example.net,"667 Lisa Green, West Steven, MP 25431",331939,"{""contact_methods"": [""phone"", ""email""], ""preferred_language"": ""EN"", ""newsletter_opt_in"": true}",2024-01-03
CUST00025,Rachel,Guerra,maryturner@example.org,"34533 Sanford Heights Apt. 824, Port Ricardo, AR 94202",206348,"{""contact_methods"": [""email"", ""phone""], ""preferred_language"": ""CZ"", ""newsletter_opt_in"": false}",2024-01-03
CUST00026,John,Rodriguez,jkelly@example.com,"72422 Smith Lights, Amandaberg, DC 61828",536237,"{""contact_methods"": [""sms"", ""email""], ""preferred_language"": ""DE"", ""newsletter_opt_in"": true}",2024-01-03
CUST00027,Paul,Vargas,watsonluis@example.net,"Unit 4099 Box 7259, DPO AP 37973",307999,"{""contact_methods"": [""email"", ""phone""], ""preferred_language"": ""SK"", ""newsletter_opt_in"": true}",2024-01-03
CUST00028,Mr.,Michael Brown,garyroberts@example.com,"0403 Quinn Circles, East Nicole, AK 27389",526094,"{""contact_methods"": [""sms"", ""email""], ""preferred_language"": ""EN"", ""newsletter_opt_in"": false}",2024-01-03
CUST00029,Sharon,  Barnett  ,mjohNsOn@exampLe.oRG,"PSC 7264, Box 2726, APO AE 52770",502873,"{""contact_methods"": [""email"", ""sms""], ""preferred_language"": ""DE"", ""newsletter_opt_in"": true}",2024-01-03
CUST00030,Justin,HarrelL,ybarnes@example.org,"937 Shannon Ports Suite 600, Penachester, MH 78895",492362,"{""contact_methods"": [""sms"", ""email""], ""preferred_language"": ""EN"", ""newsletter_opt_in"": false}",2024-01-03
CUST00031,James,Luna,mary80@example.org,"  322 Rodriguez Divide Suite 261, Lake Melissafort, VA 12756  ",114447,"{""contact_methods"": [""email"", ""phone""], ""preferred_language"": ""EN"", ""newsletter_opt_in"": true}",2024-01-03
CUST00032,,Fowler,,,786791,"{""contact_methods"": [""phone"", ""email""], ""preferred_language"": ""EN"", ""newsletter_opt_in"": false}",2024-01-03
CUST00033,Terry,Schroeder,aknight@example.net,"9234 Lewis Crossroad, Torresmouth, WV 29356",323240,"{""contact_methods"": [""phone"", ""sms""], ""preferred_language"": ""SK"", ""newsletter_opt_in"": true}",2024-01-03
CUST00034,Ann,Anderson,daniellematthews@example.com,,323213,"{""contact_methods"": [""sms"", ""email""], ""preferred_language"": ""CZ"", ""newsletter_opt_in"": true}",2024-01-03
CUST00035,Joseph,Brown,waltercynthia@example.org,"  98647 CHRIs WayS ApT. 177, HoUSEviLLE, vt 90208  ",808290,"{""contact_methods"": [""phone"", ""sms""], ""preferred_language"": ""DE"", ""newsletter_opt_in"": false}",2024-01-03
CUST00036,Brandi,Garcia,nharvey@example.org,,925604,"{""contact_methods"": [""email"", ""phone""], ""preferred_language"": ""CZ"", ""newsletter_opt_in"": false}",2024-01-03
CUST00037,mR.,Joseph Little,crystAlCoLE@EXAMPLE.COM,"8725 Alexis Stravenue, Josephbury, HI 71430",276920,"{""contact_methods"": [""email"", ""phone""], ""preferred_language"": ""DE"", ""newsletter_opt_in"": true}",2024-01-03
CUST00038,Patrick,bIsHoP,,"876 Brooks Isle, Zimmermanstad, MI 03062",143139,"{""contact_methods"": [""phone"", ""sms""], ""preferred_language"": ""SK"", ""newsletter_opt_in"": true}",2024-01-03
CUST00039,Scott,Cox,Cathy07@EXAmple.cOM,"999 LARsoN gARdeNS, martInpOrt, Mt 68256",250066,"{""contact_methods"": [""email"", ""phone""], ""preferred_language"": ""DE"", ""newsletter_opt_in"": false}",2024-01-03
CUST00040,Ruth,Allen,  bradleymichael@example.org  ,"748 Richard Port Apt. 310, Millermouth, WA 60168",131384,"{""contact_methods"": [""sms"", ""phone""], ""preferred_language"": ""EN"", ""newsletter_opt_in"": false}",2024-01-03
CUST00041,Joshua,Hernandez,  zhernandez@example.com  ,"2902 Lewis Square Apt. 221, Wellsborough, FL 20145",187086,"{""contact_methods"": [""sms"", ""phone""], ""preferred_language"": ""SK"", ""newsletter_opt_in"": false}",2024-01-03
CUST00042,ANGelA,Burns,ureyes@example.org,"29443 Melissa Junctions Apt. 972, New Terrihaven, IL 76926",153286,"{""contact_methods"": [""phone"", ""email""], ""preferred_language"": ""CZ"", ""newsletter_opt_in"": true}",2024-01-03
CUST00043,  Linda  ,Ingram,MICHeAl40@eXaMpLE.coM,"00535 Bailey Turnpike Apt. 358, North Jasmine, GA 68947",351075,"{""contact_methods"": [""phone"", ""email""], ""preferred_language"": ""SK"", ""newsletter_opt_in"": false}",2024-01-03
CUST00044,DEnniS,Morris,oblair@example.org,"3882 Holland Spurs, Port Leestad, IN 14005",74221,"{""contact_methods"": [""email"", ""sms""], ""preferred_language"": ""DE"", ""newsletter_opt_in"": false}",2024-01-03
CUST00045,Michael,Atkins,dcohen@example.com,"847 Herrera Village, Port Georgeland, FM 22558",764695,"{""contact_methods"": [""sms"", ""phone""], ""preferred_language"": ""CZ"", ""newsletter_opt_in"": false}",2024-01-03
CUST00046,Gregory,Valentine,martinezalexa@example.net,"Unit 0471 Box 4957, DPO AE 43507",974806,"{""contact_methods"": [""phone"", ""sms""], ""preferred_language"": ""CZ"", ""newsletter_opt_in"": false}",2024-01-03
CUST00047,Matthew,Barnes,rachel57@example.com,"14429 Morgan Isle, Geraldbury, ID 90485",718523,"{""contact_methods"": [""phone"", ""email""], ""preferred_language"": ""CZ"", ""newsletter_opt_in"": true}",2024-01-03
CUST00048,,Moran,cochoa@example.com,"6838 Carpenter Via, Ryanview, AZ 06566",750039,"{""contact_methods"": [""phone"", ""email""], ""preferred_language"": ""CZ"", ""newsletter_opt_in"": false}",2024-01-03
CUST00049,Bobby,  Short DDS  ,erinmiller@example.com,"1502 Davenport Key, South Taylor, ME 87018",897178,"{""contact_methods"": [""email"", ""phone""], ""preferred_language"": ""EN"", ""newsletter_opt_in"": true}",2024-01-03
CUST00050,Heather,Cain,,"2964 Kristi Dam, Aaronstad, PW 66730",324948,"{""contact_methods"": [""sms"", ""email""], ""preferred_language"": ""CZ"", ""newsletter_opt_in"": false}",2024-01-03
CUST00051,Donald,Kennedy,jaredsimon@example.net,"4748 Park Burgs, South Antonioside, RI 23798",470301,"{""contact_methods"": [""phone"", ""email""], ""preferred_language"": ""EN"", ""newsletter_opt_in"": false}",2024-01-03
CUST00052,Victoria,Hamilton,JBRYanT@EXaMple.oRG,"895 Christopher Squares, Christinaville, MO 59289",175473,"{""contact_methods"": [""sms"", ""phone""], ""preferred_language"": ""EN"", ""newsletter_opt_in"": true}",2024-01-03
CUST00053,Kelly,Jones,kellylauren@example.com,"40830 Megan Hill Apt. 913, Johnsontown, VI 47823",878451,"{""contact_methods"": [""phone"", ""email""], ""preferred_language"": ""DE"", ""newsletter_opt_in"": true}",2024-01-03
CUST00054,Mark,Shaw,kelleymarcus@example.com,,836787,"{""contact_methods"": [""email"", ""phone""], ""preferred_language"": ""SK"", ""newsletter_opt_in"": true}",2024-01-03
CUST00055,Stephanie,Simon,davisnicole@example.net,"  01516 Cochran Locks, North Anthony, HI 82335  ",636157,"{""contact_methods"": [""sms"", ""email""], ""preferred_language"": ""CZ"", ""newsletter_opt_in"": true}",2024-01-03
CUST00056,David,Gardner,ijones@example.org,"411 Mueller Pine, West Mirandastad, TX 36337",882402,"{""contact_methods"": [""phone"", ""sms""], ""preferred_language"": ""CZ"", ""newsletter_opt_in"": false}",2024-01-03
CUST00057,Lori,Horne,tbrock@example.com,"1302 West Path, Ronaldfort, SC 18601",583308,"{""contact_methods"": [""email"", ""sms""], ""preferred_language"": ""DE"", ""newsletter_opt_in"": true}",2024-01-03
CUST00058,Dawn,Brooks,david01@example.com,"139 Joshua Keys, Marychester, NV 93532",162006,"{""contact_methods"": [""sms"", ""email""], ""preferred_language"": ""CZ"", ""newsletter_opt_in"": true}",2024-01-03
CUST00059,,Mcbride,hAysJaNIce@EXampLE.oRG,"211 Jeffrey Views Suite 264, East Jennifer, CT 01996",372091,"{""contact_methods"": [""sms"", ""phone""], ""preferred_language"": ""EN"", ""newsletter_opt_in"": true}",2024-01-03
CUST00060,Benjamin,Miller,jeffreystephens@example.org,"30872 Hardy Crest, West Amber, MP 08486",183186,"{""contact_methods"": [""phone"", ""email""], ""preferred_language"": ""CZ"", ""newsletter_opt_in"": false}",2024-01-03
CUST00061,Alexandra,Thornton,  preynolds@example.com  ,"229 LOPEZ fLats, nEW SHArOn, Fl 61779",810246,"{""contact_methods"": [""email"", ""phone""], ""preferred_language"": ""SK"", ""newsletter_opt_in"": true}",2024-01-03
CUST00062,Sara,Phillips,brendarojas@example.com,"11001 Ellis Wall, Mooreside, MO 16214",69187,"{""contact_methods"": [""email"", ""phone""], ""preferred_language"": ""SK"", ""newsletter_opt_in"": false}",2024-01-03
CUST00063,Cynthia,  Clark  ,tmccoy@example.com,"8963 Lee Village Apt. 430, New Lisahaven, WA 55660",224510,"{""contact_methods"": [""sms"", ""phone""], ""preferred_language"": ""SK"", ""newsletter_opt_in"": false}",2024-01-03
CUST00064,Jennifer,,crystal92@example.com,"7768 Carlson Common, Pattersonbury, WA 87504",929614,"{""contact_methods"": [""sms"", ""email""], ""preferred_language"": ""CZ"", ""newsletter_opt_in"": false}",2024-01-03
CUST00065,Kristina,Norris,jill55@example.org,"16047 Steve Crest, Tylermouth, FL 08871",622863,"{""contact_methods"": [""sms"", ""email""], ""preferred_language"": ""EN"", ""newsletter_opt_in"": true}",2024-01-03
CUST00066,Christopher,johnsoN,andreamartin@example.com,"126 WArreN MOtOrwaY aPt. 512, AllISONFOrt, Vt 90330",90162,"{""contact_methods"": [""phone"", ""email""], ""preferred_language"": ""DE"", ""newsletter_opt_in"": false}",2024-01-03
CUST00067,Rebecca,Rivera,clintonjuarez@example.org,"25608 Benson Course Suite 123, Fullerside, DC 01975",743957,"{""contact_methods"": [""phone"", ""email""], ""preferred_language"": ""CZ"", ""newsletter_opt_in"": false}",2024-01-03
CUST00068,Sarah,Fernandez,kelly51@example.com,"96358 Phillips Knolls Apt. 620, New Meredith, OK 62824",129784,"{""contact_methods"": [""phone"", ""email""], ""preferred_language"": ""SK"", ""newsletter_opt_in"": true}",2024-01-03
CUST00069,  Briana  ,Bond,janet47@example.org,"330 beNnett JuNCTIoN, noRtH mIcHaELHavEN, Ut 64204",784790,"{""contact_methods"": [""email"", ""phone""], ""preferred_language"": ""CZ"", ""newsletter_opt_in"": true}",2024-01-03
CUST00070,Gregory,Lee,  amberflores@example.net  ,"  3436 Rodriguez Orchard, Ericstad, MI 62187  ",675333,"{""contact_methods"": [""phone"", ""sms""], ""preferred_language"": ""SK"", ""newsletter_opt_in"": false}",2024-01-03
CUST00071,,Edwards,SmithDAVid@Example.Org,"16086 Williams Roads Apt. 019, Jacobfurt, VT 74963",69091,"{""contact_methods"": [""sms"", ""email""], ""preferred_language"": ""SK"", ""newsletter_opt_in"": true}",2024-01-03
CUST00072,Charles,Flynn,halecatherine@example.net,"55204 Gray Estate, Debraberg, NH 93108",580333,"{""contact_methods"": [""phone"", ""email""], ""preferred_language"": ""CZ"", ""newsletter_opt_in"": false}",2024-01-03
CUST00073,Richard,Hardy,christophermyers@example.org,"4823 Johnson Stravenue, Port Dannyberg, LA 85285",991960,"{""contact_methods"": [""email"", ""phone""], ""preferred_language"": ""CZ"", ""newsletter_opt_in"": true}",2024-01-03
CUST00074,Anthony,Rojas,wolfesamantha@example.com,"092 BARBaRA squAreS apt. 416, MIcHAeLbErg, Nv 33302",27557,"{""contact_methods"": [""sms"", ""phone""], ""preferred_language"": ""CZ"", ""newsletter_opt_in"": false}",2024-01-03
CUST00075,Ryan,Miller,  hardinrebekah@example.com  ,"01649 Shelley Rue Apt. 214, Emilyport, IL 92639",241176,"{""contact_methods"": [""phone"", ""email""], ""preferred_language"": ""EN"", ""newsletter_opt_in"": false}",2024-01-03
CUST00076,Bryan,Roberts,jamesdenise@example.org,"8473 Shelton Square Suite 447, Mendezfort, OR 93494",38921,"{""contact_methods"": [""email"", ""phone""], ""preferred_language"": ""DE"", ""newsletter_opt_in"": false}",2024-01-03
CUST00077,  Ryan  ,Hamilton,jaredwiggins@example.com,"194 Bradford Centers Apt. 146, Lake Lisa, OK 10109",285456,"{""contact_methods"": [""email"", ""sms""], ""preferred_language"": ""DE"", ""newsletter_opt_in"": true}",2024-01-03
CUST00078,Jacqueline,Collins,vduncan@example.com,"665 Harrison Harbor Suite 717, Brendanchester, TX 55655",565226,"{""contact_methods"": [""phone"", ""email""], ""preferred_language"": ""DE"", ""newsletter_opt_in"": false}",2024-01-03
CUST00079,Rebecca,Lopez,petersenthomas@example.net,"USCGC Lewis, FPO AE 77540",877163,"{""contact_methods"": [""sms"", ""email""], ""preferred_language"": ""EN"", ""newsletter_opt_in"": false}",2024-01-03
CUST00080,Brian,Pearson,mcdonaldkelly@example.org,"881 Flores Coves Apt. 288, South Angela, WY 39443",599770,"{""contact_methods"": [""sms"", ""email""], ""preferred_language"": ""SK"", ""newsletter_opt_in"": false}",2024-01-03
CUST00081,Marie,Cohen,jgonzalez@example.com,"8060 aMAndA broOk, JoHNburgh, Nh 09850",279329,"{""contact_methods"": [""sms"", ""email""], ""preferred_language"": ""SK"", ""newsletter_opt_in"": true}",2024-01-03
CUST00082,Micheal,  Williams  ,reynoldsryan@example.com,"61744 Miller Underpass, North Laurenborough, AL 70496",521968,"{""contact_methods"": [""phone"", ""sms""], ""preferred_language"": ""SK"", ""newsletter_opt_in"": true}",2024-01-03
CUST00083,Edward,Smith MD,xpeterson@example.com,"653 Keith Wells, Thompsontown, MO 52435",981284,"{""contact_methods"": [""sms"", ""email""], ""preferred_language"": ""CZ"", ""newsletter_opt_in"": true}",2024-01-03
CUST00084,Rebecca,Williams,gwinters@example.org,"272 Newton Court, Weeksview, VA 78604",209638,"{""contact_methods"": [""sms"", ""phone""], ""preferred_language"": ""SK"", ""newsletter_opt_in"": true}",2024-01-03
CUST00085,Sharon,Davis,barbarahanna@example.com,"23066 Clay Mills, Mariahaven, OK 30237",221370,"{""contact_methods"": [""sms"", ""phone""], ""preferred_language"": ""SK"", ""newsletter_opt_in"": false}",2024-01-03
CUST00086,Sean,Green,  gli@example.org  ,"75145 Brown Pike Apt. 874, Lisaview, NY 59307",245077,"{""contact_methods"": [""email"", ""phone""], ""preferred_language"": ""CZ"", ""newsletter_opt_in"": false}",2024-01-03
CUST00087,Pamela,Conner,ecase@example.org,,480087,"{""contact_methods"": [""sms"", ""phone""], ""preferred_language"": ""SK"", ""newsletter_opt_in"": false}",2024-01-03
CUST00088,sTEVeN,  Crawford  ,wolfsonia@example.net,"576 Christopher Centers, North Williamfurt, FL 11971",151508,"{""contact_methods"": [""sms"", ""phone""], ""preferred_language"": ""CZ"", ""newsletter_opt_in"": false}",2024-01-03
CUST00089,Thomas,Mcneil,darlene09@example.org,"0570 Lindsay Burg, Kathrynton, WI 28008",942969,"{""contact_methods"": [""sms"", ""phone""], ""preferred_language"": ""EN"", ""newsletter_opt_in"": true}",2024-01-03
CUST00090,Carlos,Perez,hdelacruz@example.org,"25038 DereK BYPaSs, SoUth MELISsA, co 21933",823576,"{""contact_methods"": [""email"", ""sms""], ""preferred_language"": ""EN"", ""newsletter_opt_in"": false}",2024-01-03
CUST00091,Daniel,,vArGaSCoNNiE@EXamPLE.cOM,"9671 Cook Pine, East Franceschester, WI 79502",832607,"{""contact_methods"": [""email"", ""phone""], ""preferred_language"": ""CZ"", ""newsletter_opt_in"": true}",2024-01-03
CUST00092,Kimberly,Williams,,"3336 Wood Drive, Williamtown, AK 34664",991570,"{""contact_methods"": [""sms"", ""email""], ""preferred_language"": ""EN"", ""newsletter_opt_in"": false}",2024-01-03
CUST00093,John,Torres,richardjohnson@example.net,,296056,"{""contact_methods"": [""email"", ""phone""], ""preferred_language"": ""EN"", ""newsletter_opt_in"": false}",2024-01-03
CUST00094,  Michael  ,Ballard,patrickconway@example.net,"2269 Morton Path, New Linda, NM 30805",494693,"{""contact_methods"": [""email"", ""phone""], ""preferred_language"": ""SK"", ""newsletter_opt_in"": false}",2024-01-03
CUST00095,Cassie,QuiNn,johnperkins@example.net,"8592 Mejia Flats Apt. 606, Warrenbury, SC 20113",444358,"{""contact_methods"": [""phone"", ""sms""], ""preferred_language"": ""DE"", ""newsletter_opt_in"": true}",2024-01-03
CUST00096,Felicia,HOlMES,jAMEs19@ExAMpLe.NEt,"uniT 5631 bOx 3175, Dpo Ap 93217",350611,"{""contact_methods"": [""phone"", ""sms""], ""preferred_language"": ""CZ"", ""newsletter_opt_in"": true}",2024-01-03
CUST00097,Gina,Cowan,stephen92@example.com,"562 Curry Field Apt. 752, Grantberg, NC 75294",235126,"{""contact_methods"": [""email"", ""phone""], ""preferred_language"": ""SK"", ""newsletter_opt_in"": true}",2024-01-03
CUST00098,Brian,Reese MD,phillipsamanda@example.com,"786 Lara Flats, Salinaston, AZ 50313",253005,"{""contact_methods"": [""email"", ""sms""], ""preferred_language"": ""EN"", ""newsletter_opt_in"": false}",2024-01-03
CUST00099,Matthew,  Garner  ,juliageorge@example.org,"03132 Brandi Fort Suite 916, Dennisside, NH 84027",777976,"{""contact_methods"": [""sms"", ""phone""], ""preferred_language"": ""DE"", ""newsletter_opt_in"": true}",2024-01-03
CUST00100,Savannah,Arnold,,"15192 Rice Cape Apt. 106, Stephaniestad, NJ 98042",173718,"{""contact_methods"": [""sms"", ""email""], ""preferred_language"": ""SK"", ""newsletter_opt_in"": false}",2024-01-03
CUST00101,Tracy,BoyLE,nsimmons@example.org,"5089 Anthony Walks, West Andrew, NH 22467",979230,"{""contact_methods"": [""email"", ""phone""], ""preferred_language"": ""CZ"", ""newsletter_opt_in"": false}",2024-01-03
CUST00102,Julia,Smith,richardsonaimee@example.com,"549 rICharD lOcks SUitE 209, LaKE SAMAnTha, co 28428",282604,"{""contact_methods"": [""phone"", ""sms""], ""preferred_language"": ""CZ"", ""newsletter_opt_in"": false}",2024-01-03
CUST00103,Derrick,  Lopez  ,juliesmith@example.net,"96501 Patton Ville, North Holly, LA 37417",369939,"{""contact_methods"": [""email"", ""sms""], ""preferred_language"": ""EN"", ""newsletter_opt_in"": true}",2024-01-03
CUST00104,CASey,Rosario PhD,jasondelgado@example.net,"07698 Jeffrey Ramp, Jonathanshire, WY 04581",988886,"{""contact_methods"": [""phone"", ""sms""], ""preferred_language"": ""CZ"", ""newsletter_opt_in"": true}",2024-01-03
CUST00105,lORRAInE,,jacksonjodi@example.net,,826763,"{""contact_methods"": [""sms"", ""phone""], ""preferred_language"": ""SK"", ""newsletter_opt_in"": true}",2024-01-03
CUST00106,Shelly,Harrington,johnsoncindy@example.org,"  0950 Garrett Fords, Jacksonchester, AZ 44927  ",949701,"{""contact_methods"": [""email"", ""sms""], ""preferred_language"": ""DE"", ""newsletter_opt_in"": false}",2024-01-03
CUST00107,James,Smith,aprilwilson@example.com,"  4506 Brandon Wall Apt. 181, Evansfurt, OH 86358  ",945024,"{""contact_methods"": [""phone"", ""sms""], ""preferred_language"": ""EN"", ""newsletter_opt_in"": true}",2024-01-03
CUST00108,Cassandra,Anderson,brenda97@example.org,"28352 Mitchell Shore Apt. 612, Robertsonstad, TX 59460",856687,"{""contact_methods"": [""sms"", ""email""], ""preferred_language"": ""CZ"", ""newsletter_opt_in"": true}",2024-01-03
CUST00109,Erin,Ayers,hannahhurley@example.net,"07963 Ian Manors Apt. 089, North Laurenmouth, WV 41045",992715,"{""contact_methods"": [""email"", ""sms""], ""preferred_language"": ""SK"", ""newsletter_opt_in"": false}",2024-01-03
CUST00110,Steven,Larsen,diane74@example.net,"5455 Sawyer Islands Suite 114, Port Ashley, WV 39858",556875,"{""contact_methods"": [""email"", ""phone""], ""preferred_language"": ""SK"", ""newsletter_opt_in"": true}",2024-01-03
