policy_id,agent_id,customer_id,product_id,premium,coverages,snapshot_date
POLI00001,AGEN00005,CUST00095,PROD00003,5365.31,"[""Collision"", ""Liability"", ""Medical Payments"", ""Comprehensive""]",2024-01-03
POLI00002,AGEN00017,CUST00002,PROD00006,10190.02,"[""Collision"", ""Comprehensive"", ""Liability"", ""Medical Payments""]",2024-01-03
POLI00003,AGEN00014,CUST00057,PROD00002,7917.22,"[""Medical Payments"", ""Collision"", ""Roadside Assistance""]",2024-01-03
POLI00004,AGEN00019,CUST00037,PROD00006,19751.07,"[""Comprehensive"", ""Uninsured Motorist"", ""Roadside Assistance""]",2024-01-03
POLI00005,AGEN00043,CUST00062,PROD00002,7744.79,"[""Comprehensive"", ""Personal Injury"", ""Collision"", ""Uninsured Motorist""]",2024-01-03
POLI00006,AGEN00025,CUST00044,PROD00007,9443.81,"[""Collision"", ""Personal Injury""]",2024-01-03
POLI00007,AGEN00023,CUST00017,PROD00009,16923.94,"[""Medical Payments"", ""Comprehensive"", ""Collision""]",2024-01-03
POLI00008,AGEN00025,CUST00050,PROD00008,13082.26,"[""Collision"", ""Comprehensive"", ""Uninsured Motorist""]",2024-01-03
POLI00009,AGEN00027,CUST00027,PROD00003,3610.17,"[""Personal Injury"", ""Liability"", ""Medical Payments""]",2024-01-03
POLI00010,AGEN00021,CUST00094,PROD00002,5616.67,"[""Liability"", ""Uninsured Motorist""]",2024-01-03
POLI00011,AGEN00017,CUST00022,PROD00006,3714.0,"[""Roadside Assistance"", ""Collision"", ""Personal Injury"", ""Uninsured Motorist""]",2024-01-03
POLI00012,AGEN00006,CUST00093,PROD00003,9092.2,"[""Collision"", ""Roadside Assistance"", ""Medical Payments""]",2024-01-03
POLI00013,AGEN00028,CUST00046,PROD00005,1139.76,"[""Personal Injury"", ""Uninsured Motorist"", ""Collision""]",2024-01-03
POLI00014,AGEN00023,CUST00088,PROD00007,16906.48,"[""Collision"", ""Liability"", ""Personal Injury"", ""Roadside Assistance""]",2024-01-03
POLI00015,AGEN00014,CUST00071,PROD00009,7533.27,"[""Medical Payments"", ""Liability""]",2024-01-03
POLI00016,AGEN00033,CUST00063,PROD00002,3151.23,"[""Liability"", ""Medical Payments"", ""Personal Injury""]",2024-01-03
POLI00017,AGEN00028,CUST00051,PROD00005,2929.57,"[""Medical Payments"", ""Personal Injury""]",2024-01-03
POLI00018,AGEN00024,CUST00096,PROD00008,15122.18,"[""Medical Payments"", ""Collision"", ""Comprehensive""]",2024-01-03
POLI00019,AGEN00042,CUST00092,PROD00006,4997.92,"[""Roadside Assistance"", ""Medical Payments"", ""Comprehensive"", ""Liability""]",2024-01-03
POLI00020,AGEN00017,CUST00068,PROD00007,11553.13,"[""Uninsured Motorist"", ""Personal Injury"", ""Comprehensive"", ""Liability""]",2024-01-03
POLI00021,AGEN00009,CUST00027,PROD00009,12315.45,"[""Uninsured Motorist"", ""Liability""]",2024-01-03
POLI00022,AGEN00048,CUST00097,PROD00007,9613.81,"[""Medical Payments"", ""Uninsured Motorist"", ""Roadside Assistance""]",2024-01-03
POLI00023,AGEN00004,CUST00076,PROD00004,10939.67,"[""Medical Payments"", ""Liability"", ""Personal Injury""]",2024-01-03
POLI00024,AGEN00019,CUST00015,PROD00006,9168.48,"[""Personal Injury"", ""Liability"", ""Comprehensive"", ""Uninsured Motorist""]",2024-01-03
POLI00025,AGEN00003,CUST00056,PROD00008,17591.42,"[""Comprehensive"", ""Collision""]",2024-01-03
POLI00026,AGEN00040,CUST00071,PROD00008,18253.8,"[""Roadside Assistance"", ""Liability"", ""Collision""]",2024-01-03
POLI00027,AGEN00020,CUST00093,PROD00010,8151.86,"[""Liability"", ""Personal Injury"", ""Roadside Assistance"", ""Medical Payments""]",2024-01-03
POLI00028,AGEN00015,CUST00054,PROD00004,6557.62,"[""Uninsured Motorist"", ""Roadside Assistance"", ""Personal Injury"", ""Medical Payments""]",2024-01-03
POLI00029,AGEN00037,CUST00055,PROD00006,17428.14,"[""Roadside Assistance"", ""Personal Injury"", ""Collision""]",2024-01-03
POLI00030,AGEN00003,CUST00098,PROD00003,19515.64,"[""Medical Payments"", ""Personal Injury"", ""Comprehensive"", ""Roadside Assistance""]",2024-01-03
POLI00031,AGEN00049,CUST00005,PROD00001,5505.23,"[""Collision"", ""Roadside Assistance"", ""Medical Payments"", ""Uninsured Motorist""]",2024-01-03
POLI00032,AGEN00048,CUST00032,PROD00006,14104.9,"[""Uninsured Motorist"", ""Liability""]",2024-01-03
POLI00033,AGEN00004,CUST00018,PROD00006,6064.85,"[""Personal Injury"", ""Collision""]",2024-01-03
POLI00034,AGEN00021,CUST00042,PROD00002,3840.76,"[""Comprehensive"", ""Uninsured Motorist"", ""Roadside Assistance"", ""Collision""]",2024-01-03
POLI00035,AGEN00013,CUST00035,PROD00010,14259.96,"[""Collision"", ""Roadside Assistance"", ""Uninsured Motorist""]",2024-01-03
POLI00036,AGEN00011,CUST00034,PROD00007,6649.41,"[""Uninsured Motorist"", ""Collision""]",2024-01-03
POLI00037,AGEN00006,CUST00011,PROD00006,11697.81,"[""Uninsured Motorist"", ""Personal Injury"", ""Comprehensive""]",2024-01-03
POLI00038,AGEN00044,CUST00063,PROD00007,16347.05,"[""Comprehensive"", ""Collision"", ""Liability"", ""Roadside Assistance""]",2024-01-03
POLI00039,AGEN00030,CUST00055,PROD00002,13591.73,"[""Liability"", ""Medical Payments"", ""Comprehensive""]",2024-01-03
POLI00040,AGEN00002,CUST00021,PROD00009,4546.0,"[""Collision"", ""Medical Payments""]",2024-01-03
POLI00041,AGEN00006,CUST00093,PROD00001,2011.44,"[""Uninsured Motorist"", ""Liability""]",2024-01-03
POLI00042,AGEN00013,CUST00025,PROD00005,15732.03,"[""Collision"", ""Liability"", ""Uninsured Motorist""]",2024-01-03
POLI00043,AGEN00020,CUST00070,PROD00005,11994.48,"[""Roadside Assistance"", ""Comprehensive"", ""Liability""]",2024-01-03
POLI00044,AGEN00001,CUST00044,PROD00003,1185.56,"[""Liability"", ""Uninsured Motorist""]",2024-01-03
POLI00045,AGEN00034,CUST00067,PROD00010,5401.94,"[""Liability"", ""Roadside Assistance"", ""Comprehensive"", ""Personal Injury""]",2024-01-03
POLI00046,AGEN00044,CUST00027,PROD00010,8245.42,"[""Personal Injury"", ""Roadside Assistance"", ""Collision""]",2024-01-03
POLI00047,AGEN00008,CUST00076,PROD00002,14777.0,"[""Medical Payments"", ""Roadside Assistance"", ""Personal Injury"", ""Liability""]",2024-01-03
POLI00048,AGEN00018,CUST00025,PROD00006,9814.52,"[""Collision"", ""Liability""]",2024-01-03
POLI00049,AGEN00037,CUST00043,PROD00006,9252.52,"[""Medical Payments"", ""Uninsured Motorist"", ""Liability""]",2024-01-03
POLI00050,AGEN00032,CUST00082,PROD00005,17013.7,"[""Collision"", ""Medical Payments"", ""Personal Injury"", ""Comprehensive""]",2024-01-03
POLI00051,AGEN00016,CUST00040,PROD00008,9927.21,"[""Uninsured Motorist"", ""Roadside Assistance"", ""Comprehensive""]",2024-01-03
POLI00052,AGEN00045,CUST00075,PROD00010,19073.05,"[""Personal Injury"", ""Liability"", ""Medical Payments""]",2024-01-03
POLI00053,AGEN00020,CUST00035,PROD00006,2332.9,"[""Collision"", ""Uninsured Motorist"", ""Comprehensive""]",2024-01-03
POLI00054,AGEN00016,CUST00048,PROD00001,3671.63,"[""Comprehensive"", ""Collision""]",2024-01-03
POLI00055,AGEN00038,CUST00001,PROD00007,16772.29,"[""Collision"", ""Medical Payments"", ""Liability"", ""Personal Injury""]",2024-01-03
POLI00056,AGEN00007,CUST00082,PROD00009,14287.78,"[""Personal Injury"", ""Collision"", ""Comprehensive"", ""Medical Payments""]",2024-01-03
POLI00057,AGEN00002,CUST00043,PROD00003,4262.13,"[""Uninsured Motorist"", ""Medical Payments"", ""Liability"", ""Roadside Assistance""]",2024-01-03
POLI00058,AGEN00030,CUST00015,PROD00007,9608.81,"[""Liability"", ""Roadside Assistance""]",2024-01-03
POLI00059,AGEN00003,CUST00021,PROD00010,6345.1,"[""Liability"", ""Uninsured Motorist"", ""Personal Injury"", ""Roadside Assistance""]",2024-01-03
POLI00060,AGEN00046,CUST00005,PROD00007,11233.43,"[""Collision"", ""Roadside Assistance""]",2024-01-03
POLI00061,AGEN00021,CUST00037,PROD00006,1974.92,"[""Comprehensive"", ""Liability"", ""Uninsured Motorist"", ""Collision""]",2024-01-03
POLI00062,AGEN00031,CUST00069,PROD00006,17109.79,"[""Roadside Assistance"", ""Collision""]",2024-01-03
POLI00063,AGEN00041,CUST00022,PROD00001,6364.09,"[""Medical Payments"", ""Roadside Assistance"", ""Personal Injury""]",2024-01-03
POLI00064,AGEN00034,CUST00064,PROD00003,15730.6,"[""Uninsured Motorist"", ""Medical Payments"", ""Personal Injury"", ""Roadside Assistance""]",2024-01-03
POLI00065,AGEN00042,CUST00010,PROD00005,13779.25,"[""Roadside Assistance"", ""Comprehensive""]",2024-01-03
POLI00066,AGEN00006,CUST00066,PROD00010,4125.38,"[""Roadside Assistance"", ""Personal Injury"", ""Comprehensive""]",2024-01-03
POLI00067,AGEN00008,CUST00087,PROD00001,5079.39,"[""Roadside Assistance"", ""Medical Payments"", ""Uninsured Motorist"", ""Collision""]",2024-01-03
POLI00068,AGEN00002,CUST00088,PROD00006,16031.38,"[""Collision"", ""Roadside Assistance"", ""Personal Injury"", ""Liability""]",2024-01-03
POLI00069,AGEN00001,CUST00017,PROD00005,1339.58,"[""Comprehensive"", ""Medical Payments""]",2024-01-03
POLI00070,AGEN00023,CUST00066,PROD00004,17610.71,"[""Roadside Assistance"", ""Comprehensive"", ""Medical Payments"", ""Liability""]",2024-01-03
POLI00071,AGEN00006,CUST00027,PROD00005,1300.08,"[""Collision"", ""Uninsured Motorist"", ""Roadside Assistance""]",2024-01-03
POLI00072,AGEN00037,CUST00024,PROD00005,4230.53,"[""Comprehensive"", ""Medical Payments""]",2024-01-03
POLI00073,AGEN00002,CUST00029,PROD00010,11232.82,"[""Roadside Assistance"", ""Uninsured Motorist"", ""Collision"", ""Comprehensive""]",2024-01-03
POLI00074,AGEN00024,CUST00066,PROD00008,13405.91,"[""Uninsured Motorist"", ""Comprehensive"", ""Medical Payments""]",2024-01-03
POLI00075,AGEN00046,CUST00008,PROD00007,12268.33,"[""Personal Injury"", ""Medical Payments"", ""Roadside Assistance"", ""Uninsured Motorist""]",2024-01-03
POLI00076,AGEN00049,CUST00099,PROD00005,2403.65,"[""Roadside Assistance"", ""Liability"", ""Uninsured Motorist""]",2024-01-03
POLI00077,AGEN00006,CUST00088,PROD00002,16190.84,"[""Collision"", ""Liability"", ""Uninsured Motorist"", ""Medical Payments""]",2024-01-03
POLI00078,AGEN00001,CUST00084,PROD00003,4548.49,"[""Roadside Assistance"", ""Personal Injury""]",2024-01-03
POLI00079,AGEN00018,CUST00024,PROD00006,9146.01,"[""Liability"", ""Medical Payments"", ""Personal Injury""]",2024-01-03
POLI00080,AGEN00047,CUST00077,PROD00010,16731.47,"[""Liability"", ""Personal Injury""]",2024-01-03
POLI00081,AGEN00038,CUST00021,PROD00010,14910.38,"[""Collision"", ""Roadside Assistance"", ""Personal Injury"", ""Liability""]",2024-01-03
POLI00082,AGEN00047,CUST00055,PROD00002,18733.05,"[""Personal Injury"", ""Liability"", ""Comprehensive"", ""Roadside Assistance""]",2024-01-03
POLI00083,AGEN00008,CUST00044,PROD00003,6761.37,"[""Medical Payments"", ""Uninsured Motorist"", ""Personal Injury""]",2024-01-03
POLI00084,AGEN00043,CUST00028,PROD00008,12516.91,"[""Medical Payments"", ""Uninsured Motorist""]",2024-01-03
POLI00085,AGEN00028,CUST00099,PROD00005,16330.81,"[""Uninsured Motorist"", ""Collision"", ""Roadside Assistance""]",2024-01-03
POLI00086,AGEN00038,CUST00062,PROD00004,17141.93,"[""Uninsured Motorist"", ""Medical Payments"", ""Comprehensive""]",2024-01-03
POLI00087,AGEN00014,CUST00099,PROD00005,5841.88,"[""Personal Injury"", ""Collision"", ""Uninsured Motorist""]",2024-01-03
POLI00088,AGEN00018,CUST00088,PROD00004,3750.67,"[""Collision"", ""Roadside Assistance"", ""Personal Injury"", ""Medical Payments""]",2024-01-03
POLI00089,AGEN00048,CUST00090,PROD00001,3477.79,"[""Personal Injury"", ""Liability"", ""Medical Payments""]",2024-01-03
POLI00090,AGEN00009,CUST00045,PROD00005,3151.85,"[""Uninsured Motorist"", ""Liability"", ""Roadside Assistance""]",2024-01-03
POLI00091,AGEN00035,CUST00093,PROD00008,16235.73,"[""Liability"", ""Medical Payments""]",2024-01-03
POLI00092,AGEN00024,CUST00071,PROD00008,6889.52,"[""Roadside Assistance"", ""Medical Payments"", ""Collision""]",2024-01-03
POLI00093,AGEN00031,CUST00013,PROD00003,7828.73,"[""Collision"", ""Liability"", ""Roadside Assistance""]",2024-01-03
POLI00094,AGEN00032,CUST00006,PROD00005,18292.83,"[""Collision"", ""Roadside Assistance""]",2024-01-03
POLI00095,AGEN00044,CUST00078,PROD00005,10793.54,"[""Collision"", ""Uninsured Motorist"", ""Roadside Assistance""]",2024-01-03
POLI00096,AGEN00016,CUST00002,PROD00008,18687.82,"[""Personal Injury"", ""Liability"", ""Roadside Assistance"", ""Medical Payments""]",2024-01-03
POLI00097,AGEN00043,CUST00033,PROD00005,16696.57,"[""Uninsured Motorist"", ""Comprehensive"", ""Medical Payments""]",2024-01-03
POLI00098,AGEN00010,CUST00088,PROD00001,18721.1,"[""Personal Injury"", ""Comprehensive"", ""Uninsured Motorist"", ""Collision""]",2024-01-03
POLI00099,AGEN00017,CUST00033,PROD00009,11192.77,"[""Comprehensive"", ""Uninsured Motorist""]",2024-01-03
POLI00100,AGEN00026,CUST00065,PROD00003,17424.67,"[""Roadside Assistance"", ""Liability"", ""Comprehensive""]",2024-01-03
POLI00101,AGEN00044,CUST00093,PROD00002,1890.9,"[""Comprehensive"", ""Medical Payments""]",2024-01-03
POLI00102,AGEN00046,CUST00051,PROD00003,18384.78,"[""Liability"", ""Uninsured Motorist"", ""Personal Injury"", ""Medical Payments""]",2024-01-03
POLI00103,AGEN00008,CUST00090,PROD00008,15183.02,"[""Personal Injury"", ""Medical Payments"", ""Liability""]",2024-01-03
POLI00104,AGEN00001,CUST00067,PROD00001,18365.87,"[""Personal Injury"", ""Roadside Assistance"", ""Medical Payments""]",2024-01-03
POLI00105,AGEN00044,CUST00016,PROD00001,7348.85,"[""Uninsured Motorist"", ""Liability""]",2024-01-03
POLI00106,AGEN00012,CUST00091,PROD00009,13029.42,"[""Roadside Assistance"", ""Personal Injury""]",2024-01-03
POLI00107,AGEN00044,CUST00066,PROD00002,4619.85,"[""Collision"", ""Roadside Assistance"", ""Medical Payments""]",2024-01-03
POLI00108,AGEN00042,CUST00044,PROD00002,8671.25,"[""Medical Payments"", ""Liability"", ""Uninsured Motorist""]",2024-01-03
POLI00109,AGEN00041,CUST00072,PROD00004,10354.8,"[""Comprehensive"", ""Liability"", ""Roadside Assistance""]",2024-01-03
POLI00110,AGEN00049,CUST00034,PROD00007,9990.0,"[""Uninsured Motorist"", ""Personal Injury""]",2024-01-03
POLI00111,AGEN00047,CUST00034,PROD00004,10353.47,"[""Roadside Assistance"", ""Liability"", ""Personal Injury""]",2024-01-03
POLI00112,AGEN00043,CUST00070,PROD00003,17130.56,"[""Comprehensive"", ""Roadside Assistance"", ""Personal Injury"", ""Medical Payments""]",2024-01-03
POLI00113,AGEN00031,CUST00077,PROD00007,1833.52,"[""Comprehensive"", ""Collision""]",2024-01-03
POLI00114,AGEN00044,CUST00014,PROD00007,19152.73,"[""Comprehensive"", ""Roadside Assistance"", ""Uninsured Motorist""]",2024-01-03
POLI00115,AGEN00048,CUST00054,PROD00010,12495.95,"[""Liability"", ""Roadside Assistance""]",2024-01-03
POLI00116,AGEN00029,CUST00020,PROD00006,19935.5,"[""Medical Payments"", ""Roadside Assistance"", ""Collision""]",2024-01-03
POLI00117,AGEN00029,CUST00071,PROD00002,13630.74,"[""Liability"", ""Personal Injury"", ""Medical Payments"", ""Comprehensive""]",2024-01-03
POLI00118,AGEN00027,CUST00012,PROD00003,11098.32,"[""Medical Payments"", ""Roadside Assistance"", ""Liability""]",2024-01-03
POLI00119,AGEN00036,CUST00072,PROD00009,6669.61,"[""Personal Injury"", ""Roadside Assistance""]",2024-01-03
POLI00120,AGEN00031,CUST00065,PROD00008,8270.61,"[""Collision"", ""Uninsured Motorist"", ""Medical Payments"", ""Personal Injury""]",2024-01-03
POLI00121,AGEN00017,CUST00024,PROD00003,5803.39,"[""Collision"", ""Uninsured Motorist"", ""Personal Injury""]",2024-01-03
POLI00122,AGEN00035,CUST00028,PROD00004,15923.53,"[""Personal Injury"", ""Medical Payments""]",2024-01-03
POLI00123,AGEN00017,CUST00068,PROD00008,14481.14,"[""Liability"", ""Collision"", ""Medical Payments"", ""Roadside Assistance""]",2024-01-03
POLI00124,AGEN00027,CUST00063,PROD00008,10543.59,"[""Collision"", ""Roadside Assistance""]",2024-01-03
POLI00125,AGEN00008,CUST00013,PROD00006,16498.44,"[""Medical Payments"", ""Collision"", ""Uninsured Motorist"", ""Personal Injury""]",2024-01-03
POLI00126,AGEN00009,CUST00019,PROD00004,5455.74,"[""Personal Injury"", ""Liability"", ""Roadside Assistance"", ""Collision""]",2024-01-03
POLI00127,AGEN00047,CUST00009,PROD00002,19054.18,"[""Roadside Assistance"", ""Liability""]",2024-01-03
POLI00128,AGEN00021,CUST00060,PROD00001,4239.78,"[""Comprehensive"", ""Collision"", ""Liability"", ""Personal Injury""]",2024-01-03
POLI00129,AGEN00033,CUST00018,PROD00001,8122.46,"[""Roadside Assistance"", ""Comprehensive""]",2024-01-03
POLI00130,AGEN00014,CUST00063,PROD00004,9477.42,"[""Medical Payments"", ""Collision"", ""Roadside Assistance""]",2024-01-03
POLI00131,AGEN00049,CUST00099,PROD00009,8757.44,"[""Comprehensive"", ""Roadside Assistance"", ""Uninsured Motorist""]",2024-01-03
POLI00132,AGEN00041,CUST00048,PROD00008,7116.52,"[""Liability"", ""Comprehensive"", ""Medical Payments""]",2024-01-03
POLI00133,AGEN00031,CUST00024,PROD00006,9318.98,"[""Comprehensive"", ""Collision"", ""Medical Payments"", ""Roadside Assistance""]",2024-01-03
POLI00134,AGEN00011,CUST00054,PROD00010,4490.48,"[""Uninsured Motorist"", ""Comprehensive"", ""Roadside Assistance"", ""Personal Injury""]",2024-01-03
POLI00135,AGEN00041,CUST00028,PROD00004,15272.78,"[""Personal Injury"", ""Roadside Assistance"", ""Uninsured Motorist"", ""Medical Payments""]",2024-01-03
POLI00136,AGEN00011,CUST00016,PROD00005,8270.73,"[""Comprehensive"", ""Medical Payments""]",2024-01-03
POLI00137,AGEN00048,CUST00014,PROD00007,3347.6,"[""Personal Injury"", ""Comprehensive"", ""Liability""]",2024-01-03
POLI00138,AGEN00017,CUST00012,PROD00004,16983.03,"[""Personal Injury"", ""Medical Payments""]",2024-01-03
POLI00139,AGEN00047,CUST00080,PROD00009,4251.06,"[""Collision"", ""Comprehensive""]",2024-01-03
POLI00140,AGEN00036,CUST00019,PROD00002,15431.45,"[""Personal Injury"", ""Liability"", ""Uninsured Motorist"", ""Comprehensive""]",2024-01-03
POLI00141,AGEN00021,CUST00061,PROD00008,9448.73,"[""Medical Payments"", ""Comprehensive"", ""Liability""]",2024-01-03
POLI00142,AGEN00025,CUST00096,PROD00006,10845.62,"[""Roadside Assistance"", ""Personal Injury"", ""Liability"", ""Medical Payments""]",2024-01-03
POLI00143,AGEN00009,CUST00034,PROD00002,14292.65,"[""Medical Payments"", ""Roadside Assistance""]",2024-01-03
POLI00144,AGEN00005,CUST00070,PROD00009,14601.0,"[""Uninsured Motorist"", ""Collision"", ""Personal Injury""]",2024-01-03
POLI00145,AGEN00001,CUST00079,PROD00002,19964.88,"[""Collision"", ""Comprehensive"", ""Roadside Assistance""]",2024-01-03
POLI00146,AGEN00024,CUST00044,PROD00003,13714.94,"[""Liability"", ""Medical Payments""]",2024-01-03
POLI00147,AGEN00004,CUST00040,PROD00006,7124.21,"[""Comprehensive"", ""Liability""]",2024-01-03
POLI00148,AGEN00047,CUST00082,PROD00002,4745.37,"[""Personal Injury"", ""Collision"", ""Liability"", ""Uninsured Motorist""]",2024-01-03
POLI00149,AGEN00026,CUST00093,PROD00004,9037.07,"[""Liability"", ""Uninsured Motorist"", ""Comprehensive"", ""Roadside Assistance""]",2024-01-03
POLI00150,AGEN00023,CUST00048,PROD00002,19153.1,"[""Roadside Assistance"", ""Liability""]",2024-01-03
POLI00151,AGEN00029,CUST00025,PROD00008,15577.32,"[""Medical Payments"", ""Collision"", ""Uninsured Motorist""]",2024-01-03
POLI00152,AGEN00036,CUST00019,PROD00005,19447.59,"[""Uninsured Motorist"", ""Collision"", ""Comprehensive"", ""Personal Injury""]",2024-01-03
POLI00153,AGEN00023,CUST00066,PROD00001,1481.42,"[""Uninsured Motorist"", ""Comprehensive"", ""Liability"", ""Collision""]",2024-01-03
POLI00154,AGEN00026,CUST00050,PROD00004,18490.86,"[""Comprehensive"", ""Collision"", ""Roadside Assistance"", ""Medical Payments""]",2024-01-03
POLI00155,AGEN00028,CUST00047,PROD00002,1426.26,"[""Roadside Assistance"", ""Medical Payments"", ""Comprehensive"", ""Collision""]",2024-01-03
POLI00156,AGEN00011,CUST00005,PROD00006,11054.11,"[""Liability"", ""Collision""]",2024-01-03
POLI00157,AGEN00044,CUST00010,PROD00007,11869.35,"[""Comprehensive"", ""Collision""]",2024-01-03
POLI00158,AGEN00032,CUST00072,PROD00010,16735.29,"[""Collision"", ""Personal Injury""]",2024-01-03
POLI00159,AGEN00007,CUST00032,PROD00004,7479.83,"[""Collision"", ""Roadside Assistance"", ""Medical Payments""]",2024-01-03
POLI00160,AGEN00009,CUST00088,PROD00005,16444.85,"[""Personal Injury"", ""Uninsured Motorist"", ""Comprehensive"", ""Medical Payments""]",2024-01-03
POLI00161,AGEN00007,CUST00028,PROD00002,6186.31,"[""Roadside Assistance"", ""Collision""]",2024-01-03
POLI00162,AGEN00032,CUST00023,PROD00008,10584.44,"[""Medical Payments"", ""Comprehensive"", ""Personal Injury""]",2024-01-03
POLI00163,AGEN00006,CUST00054,PROD00002,18644.39,"[""Roadside Assistance"", ""Medical Payments"", ""Collision"", ""Uninsured Motorist""]",2024-01-03
POLI00164,AGEN00007,CUST00082,PROD00010,13300.34,"[""Medical Payments"", ""Collision"", ""Liability""]",2024-01-03
POLI00165,AGEN00040,CUST00088,PROD00010,19570.3,"[""Comprehensive"", ""Liability"", ""Collision"", ""Uninsured Motorist""]",2024-01-03
POLI00166,AGEN00034,CUST00014,PROD00003,13963.84,"[""Uninsured Motorist"", ""Medical Payments"", ""Liability"", ""Comprehensive""]",2024-01-03
POLI00167,AGEN00048,CUST00031,PROD00009,18340.44,"[""Collision"", ""Roadside Assistance"", ""Comprehensive""]",2024-01-03
POLI00168,AGEN00043,CUST00057,PROD00007,10012.49,"[""Uninsured Motorist"", ""Personal Injury"", ""Collision""]",2024-01-03
POLI00169,AGEN00033,CUST00026,PROD00004,3558.56,"[""Collision"", ""Medical Payments"", ""Liability""]",2024-01-03
POLI00170,AGEN00047,CUST00058,PROD00008,9166.39,"[""Roadside Assistance"", ""Comprehensive""]",2024-01-03
POLI00171,AGEN00022,CUST00085,PROD00009,4312.45,"[""Liability"", ""Personal Injury"", ""Collision"", ""Medical Payments""]",2024-01-03
POLI00172,AGEN00034,CUST00032,PROD00008,7551.47,"[""Roadside Assistance"", ""Comprehensive"", ""Liability"", ""Uninsured Motorist""]",2024-01-03
POLI00173,AGEN00026,CUST00009,PROD00003,12064.37,"[""Liability"", ""Uninsured Motorist"", ""Roadside Assistance"", ""Medical Payments""]",2024-01-03
POLI00174,AGEN00037,CUST00005,PROD00004,9231.12,"[""Roadside Assistance"", ""Personal Injury"", ""Collision"", ""Medical Payments""]",2024-01-03
POLI00175,AGEN00049,CUST00086,PROD00006,11083.63,"[""Liability"", ""Medical Payments"", ""Uninsured Motorist""]",2024-01-03
POLI00176,AGEN00040,CUST00093,PROD00006,14759.89,"[""Personal Injury"", ""Roadside Assistance"", ""Collision"", ""Uninsured Motorist""]",2024-01-03
POLI00177,AGEN00016,CUST00068,PROD00010,10451.13,"[""Liability"", ""Comprehensive"", ""Roadside Assistance""]",2024-01-03
POLI00178,AGEN00043,CUST00046,PROD00005,10493.7,"[""Collision"", ""Uninsured Motorist"", ""Roadside Assistance"", ""Medical Payments""]",2024-01-03
POLI00179,AGEN00026,CUST00065,PROD00003,16984.53,"[""Uninsured Motorist"", ""Collision"", ""Roadside Assistance""]",2024-01-03
POLI00180,AGEN00026,CUST00018,PROD00004,14849.82,"[""Comprehensive"", ""Personal Injury""]",2024-01-03
POLI00181,AGEN00012,CUST00019,PROD00005,4029.89,"[""Collision"", ""Medical Payments"", ""Uninsured Motorist""]",2024-01-03
POLI00182,AGEN00006,CUST00067,PROD00002,13432.9,"[""Uninsured Motorist"", ""Roadside Assistance"", ""Medical Payments""]",2024-01-03
POLI00183,AGEN00008,CUST00056,PROD00009,3910.41,"[""Roadside Assistance"", ""Uninsured Motorist"", ""Liability""]",2024-01-03
POLI00184,AGEN00021,CUST00068,PROD00003,9591.32,"[""Roadside Assistance"", ""Medical Payments"", ""Uninsured Motorist"", ""Personal Injury""]",2024-01-03
POLI00185,AGEN00042,CUST00032,PROD00008,11649.51,"[""Uninsured Motorist"", ""Personal Injury"", ""Medical Payments"", ""Liability""]",2024-01-03
POLI00186,AGEN00038,CUST00010,PROD00003,18398.2,"[""Roadside Assistance"", ""Liability"", ""Comprehensive""]",2024-01-03
POLI00187,AGEN00047,CUST00087,PROD00003,13163.35,"[""Comprehensive"", ""Liability"", ""Medical Payments"", ""Roadside Assistance""]",2024-01-03
POLI00188,AGEN00047,CUST00016,PROD00004,16175.47,"[""Liability"", ""Uninsured Motorist"", ""Personal Injury""]",2024-01-03
POLI00189,AGEN00049,CUST00029,PROD00001,18088.95,"[""Uninsured Motorist"", ""Personal Injury""]",2024-01-03
POLI00190,AGEN00017,CUST00046,PROD00008,17639.16,"[""Comprehensive"", ""Uninsured Motorist"", ""Roadside Assistance"", ""Medical Payments""]",2024-01-03
POLI00191,AGEN00020,CUST00080,PROD00004,3480.2,"[""Roadside Assistance"", ""Uninsured Motorist"", ""Comprehensive"", ""Personal Injury""]",2024-01-03
POLI00192,AGEN00030,CUST00068,PROD00007,13508.16,"[""Personal Injury"", ""Collision"", ""Comprehensive""]",2024-01-03
POLI00193,AGEN00012,CUST00051,PROD00002,15761.55,"[""Medical Payments"", ""Personal Injury"", ""Uninsured Motorist""]",2024-01-03
POLI00194,AGEN00014,CUST00072,PROD00006,8859.08,"[""Comprehensive"", ""Personal Injury""]",2024-01-03
POLI00195,AGEN00017,CUST00098,PROD00003,1969.23,"[""Uninsured Motorist"", ""Medical Payments"", ""Liability""]",2024-01-03
POLI00196,AGEN00011,CUST00016,PROD00006,7325.4,"[""Uninsured Motorist"", ""Personal Injury"", ""Medical Payments"", ""Comprehensive""]",2024-01-03
POLI00197,AGEN00028,CUST00058,PROD00006,18944.86,"[""Comprehensive"", ""Medical Payments"", ""Uninsured Motorist"", ""Roadside Assistance""]",2024-01-03
POLI00198,AGEN00027,CUST00086,PROD00002,13175.04,"[""Uninsured Motorist"", ""Liability"", ""Comprehensive""]",2024-01-03
POLI00199,AGEN00049,CUST00058,PROD00004,15686.26,"[""Personal Injury"", ""Medical Payments"", ""Roadside Assistance"", ""Liability""]",2024-01-03
POLI00200,AGEN00003,CUST00083,PROD00002,7426.62,"[""Personal Injury"", ""Liability"", ""Medical Payments""]",2024-01-03
POLI00201,AGEN00038,CUST00073,PROD00009,1030.94,"[""Roadside Assistance"", ""Uninsured Motorist""]",2024-01-03
POLI00202,AGEN00014,CUST00067,PROD00004,17092.6,"[""Collision"", ""Personal Injury"", ""Medical Payments""]",2024-01-03
POLI00203,AGEN00028,CUST00017,PROD00001,11470.59,"[""Collision"", ""Liability"", ""Personal Injury"", ""Roadside Assistance""]",2024-01-03
POLI00204,AGEN00012,CUST00025,PROD00006,5894.12,"[""Personal Injury"", ""Liability"", ""Roadside Assistance"", ""Medical Payments""]",2024-01-03
POLI00205,AGEN00016,CUST00035,PROD00006,7248.44,"[""Uninsured Motorist"", ""Liability"", ""Collision"", ""Medical Payments""]",2024-01-03
POLI00206,AGEN00012,CUST00099,PROD00010,3233.99,"[""Personal Injury"", ""Medical Payments""]",2024-01-03
POLI00207,AGEN00044,CUST00030,PROD00007,8782.85,"[""Comprehensive"", ""Collision"", ""Roadside Assistance"", ""Medical Payments""]",2024-01-03
POLI00208,AGEN00008,CUST00084,PROD00008,3773.4,"[""Uninsured Motorist"", ""Personal Injury""]",2024-01-03
POLI00209,AGEN00023,CUST00084,PROD00007,1533.52,"[""Medical Payments"", ""Liability""]",2024-01-03
POLI00210,AGEN00029,CUST00023,PROD00001,13337.88,"[""Medical Payments"", ""Personal Injury"", ""Comprehensive""]",2024-01-03
POLI00211,AGEN00002,CUST00075,PROD00008,5886.31,"[""Comprehensive"", ""Roadside Assistance""]",2024-01-03
POLI00212,AGEN00025,CUST00014,PROD00007,12295.85,"[""Liability"", ""Uninsured Motorist"", ""Medical Payments""]",2024-01-03
POLI00213,AGEN00021,CUST00087,PROD00008,1010.08,"[""Collision"", ""Uninsured Motorist"", ""Personal Injury""]",2024-01-03
POLI00214,AGEN00003,CUST00087,PROD00008,4088.87,"[""Collision"", ""Comprehensive"", ""Roadside Assistance"", ""Personal Injury""]",2024-01-03
POLI00215,AGEN00017,CUST00015,PROD00005,8468.04,"[""Medical Payments"", ""Personal Injury"", ""Liability"", ""Roadside Assistance""]",2024-01-03
POLI00216,AGEN00022,CUST00093,PROD00007,10449.55,"[""Personal Injury"", ""Comprehensive"", ""Roadside Assistance"", ""Collision""]",2024-01-03
POLI00217,AGEN00039,CUST00038,PROD00006,2629.01,"[""Comprehensive"", ""Roadside Assistance"", ""Liability""]",2024-01-03
POLI00218,AGEN00014,CUST00024,PROD00008,15986.44,"[""Comprehensive"", ""Personal Injury"", ""Medical Payments"", ""Roadside Assistance""]",2024-01-03
POLI00219,AGEN00032,CUST00099,PROD00002,18302.33,"[""Comprehensive"", ""Liability""]",2024-01-03
POLI00220,AGEN00050,CUST00073,PROD00004,8013.05,"[""Liability"", ""Personal Injury""]",2024-01-03
