product_id,product_name,category,sub_product
PROD00001,Health Insurance,Health,General Health Insurance
PROD00002,Health Insurance,Health,Private Health Coverage
PROD00003,FloOd InsurANce,Flood,Residential Flood Protection
PROD00004,Auto Insurance,Auto,Liability Auto Coverage
PROD00005,Commercial Property Insurance,Commercial,Office Building Insurance
PROD00006,tRavEL INSuRANCe,Travel,Flight Cancellation Coverage
PROD00007,Health Insurance,Health,Employer Health Plan
PROD00008,Life Insurance,Life,Term Life Insurance
PROD00009,Life Insurance,Life,Whole Life Insurance
PROD00010,Health Insurance,Health,Catastrophic Health Insurance
